Elapsed Time,User Position,User Heading,Experiment State
0.3333333,"(-0.2608681,1.77336,1.279644)","(26.86967,92.00514,27.79037)",0
0.4403229,"(-0.2606277,1.775783,1.283257)","(25.87014,92.55952,27.01)",0
0.5588825,"(-0.2607174,1.778571,1.284243)","(24.81222,92.60065,25.92669)",0
0.669886,"(-0.2610035,1.780282,1.285814)","(24.107,92.55992,25.17449)",0
0.7808612,"(-0.2609367,1.782652,1.28883)","(23.05845,91.72182,23.74234)",0
0.8913392,"(-0.2604465,1.786379,1.291437)","(21.34534,90.6821,21.59501)",0
1.001852,"(-0.2592106,1.789858,1.292273)","(19.71275,89.75936,19.63174)",0
1.114544,"(-0.2572765,1.790784,1.291975)","(19.23704,89.22437,18.9831)",0
1.224633,"(-0.2562466,1.792244,1.290007)","(18.64161,89.65002,18.53006)",0
1.335626,"(-0.2545986,1.792019,1.288328)","(18.51532,89.31765,18.29985)",0
1.447151,"(-0.2525883,1.79295,1.285368)","(17.90101,89.19592,17.65549)",0
1.558136,"(-0.2512798,1.795075,1.280188)","(16.76191,89.90442,16.73436)",0
1.668734,"(-0.2506886,1.797708,1.273977)","(15.4869,91.51093,15.89555)",0
1.780287,"(-0.2504139,1.800358,1.26478)","(14.05436,94.96976,15.31501)",0
1.891104,"(-0.2504597,1.802873,1.259111)","(12.66076,96.25376,14.10998)",0
2.001906,"(-0.2500763,1.803282,1.255322)","(12.54018,96.26086,13.97758)",0
2.112995,"(-0.2489319,1.802546,1.252365)","(12.98702,96.07088,14.42694)",0
2.224188,"(-0.2484112,1.802993,1.251795)","(12.99114,95.54061,14.29926)",0
2.335788,"(-0.2484169,1.803915,1.253586)","(12.74134,94.38184,13.74568)",0
2.44621,"(-0.2488823,1.804958,1.256229)","(12.47705,92.71335,13.07725)",0
2.557237,"(-0.2502918,1.805887,1.258791)","(12.04054,90.93977,12.23817)",0
2.668143,"(-0.2520256,1.806561,1.257874)","(11.71847,90.76633,11.87514)",0
2.77946,"(-0.2537136,1.806761,1.257994)","(11.5095,91.2474,11.76109)",0
2.890463,"(-0.2542858,1.806109,1.258745)","(11.75425,91.79451,12.12554)",0
3.001907,"(-0.2546577,1.805558,1.264713)","(11.96784,89.66547,11.89867)",0
3.112695,"(-0.2551956,1.804933,1.268875)","(12.23435,87.82938,11.78268)",0
3.224048,"(-0.2553234,1.804327,1.271101)","(12.47322,86.91269,11.82336)",0
3.33507,"(-0.2556629,1.803987,1.272779)","(12.57762,86.58466,11.85471)",0
3.44626,"(-0.2554607,1.803183,1.27326)","(12.91221,86.73158,12.20143)",0
3.557776,"(-0.2552586,1.802879,1.273561)","(13.05684,86.8023,12.35338)",0
3.667834,"(-0.255146,1.802385,1.274059)","(13.24711,86.80804,12.53481)",0
3.779279,"(-0.2552128,1.80151,1.274126)","(13.62073,87.0548,12.94392)",0
3.89037,"(-0.2552948,1.800708,1.274048)","(13.98368,87.32447,13.35136)",0
4.000921,"(-0.2554684,1.800754,1.273836)","(13.97581,87.76244,13.44539)",0
4.11259,"(-0.2556686,1.800608,1.273415)","(14.06111,88.2179,13.63454)",0
4.223289,"(-0.2564163,1.800691,1.27264)","(14.03904,88.77339,13.74453)",0
4.334442,"(-0.2578316,1.800619,1.272694)","(13.98737,88.75112,13.68866)",0
4.4457,"(-0.2591267,1.800771,1.272589)","(13.76893,88.78522,13.48274)",0
4.556267,"(-0.2602921,1.800629,1.272324)","(13.69056,88.77449,13.40348)",0
4.66744,"(-0.2612,1.800366,1.272137)","(13.74833,89.04268,13.52265)",0
4.779207,"(-0.2619209,1.800231,1.271927)","(13.72856,89.46333,13.60177)",0
4.890368,"(-0.2617435,1.800412,1.272524)","(13.75318,89.38978,13.60885)",0
5.001008,"(-0.261261,1.800309,1.274887)","(14.23387,88.38019,13.84095)",0
5.112547,"(-0.2622509,1.800492,1.277765)","(14.16554,87.06449,13.46442)",0
5.223313,"(-0.2632103,1.801118,1.27993)","(13.995,86.33488,13.13505)",0
5.334122,"(-0.2642612,1.800709,1.286127)","(14.20075,82.64761,12.50061)",0
5.445235,"(-0.2661228,1.79991,1.294386)","(14.82274,77.81075,11.986)",0
5.556079,"(-0.2669811,1.800307,1.2997)","(14.84603,75.49731,11.52024)",0
5.666722,"(-0.2649937,1.799251,1.297907)","(15.16757,79.061,12.54006)",0
5.778677,"(-0.2641888,1.798997,1.300184)","(15.11435,79.1179,12.50844)",0
5.889177,"(-0.2634068,1.798842,1.300646)","(15.20473,79.13967,12.58834)",0
6.000146,"(-0.2615452,1.798788,1.297853)","(15.14126,81.07229,12.96862)",0
6.111742,"(-0.2602959,1.79818,1.294399)","(15.46277,82.9584,13.6884)",0
6.222706,"(-0.2591743,1.798071,1.292412)","(15.56083,83.69814,13.95391)",0
6.333358,"(-0.2579632,1.797828,1.29122)","(15.68744,84.1847,14.18714)",0
6.444598,"(-0.2565708,1.798111,1.290228)","(15.58192,84.7215,14.22341)",0
6.5572,"(-0.2553787,1.798109,1.289272)","(15.60565,85.55602,14.45268)",0
6.666509,"(-0.254427,1.798116,1.28932)","(15.57878,85.50926,14.41607)",0
6.7779,"(-0.253582,1.797647,1.289043)","(15.63223,85.04494,14.3497)",0
6.888739,"(-0.2524872,1.797096,1.287453)","(15.72659,85.47203,14.54372)",0
7.000046,"(-0.2522697,1.797154,1.286716)","(15.74005,84.93456,14.42124)",0
7.111444,"(-0.2520695,1.797887,1.283052)","(15.51985,84.7705,14.17868)",0
7.221932,"(-0.2513409,1.797988,1.277918)","(15.2048,84.71762,13.87756)",0
7.333768,"(-0.2506752,1.798003,1.271557)","(15.10023,85.59653,13.99364)",0
7.443439,"(-0.2499542,1.798664,1.264961)","(14.84893,86.31343,13.93238)",0
7.555043,"(-0.2494698,1.799108,1.261246)","(14.42663,86.01241,13.4652)",0
7.666194,"(-0.2486115,1.799999,1.258377)","(14.03472,85.42573,12.96625)",0
7.778059,"(-0.2475185,1.800613,1.255075)","(13.77219,85.15942,12.66465)",0
7.888285,"(-0.2466755,1.801857,1.253504)","(13.07514,84.13566,11.81045)",0
7.999287,"(-0.2456169,1.801792,1.252033)","(12.96524,84.32562,11.74984)",0
8.109889,"(-0.2455673,1.802713,1.251579)","(13.02192,84.2865,11.79325)",0
8.221355,"(-0.2461109,1.803311,1.253637)","(12.70037,83.5888,11.36253)",0
8.332297,"(-0.2463589,1.803551,1.254736)","(12.70945,83.95309,11.44315)",0
8.443428,"(-0.2467766,1.803225,1.25655)","(12.93955,84.32629,11.72666)",0
8.554645,"(-0.246788,1.802779,1.25806)","(13.27807,85.31849,12.24343)",0
8.665261,"(-0.2465611,1.802251,1.257215)","(13.53281,87.83691,13.0357)",0
8.776834,"(-0.2469063,1.801625,1.258774)","(13.76699,88.62296,13.44305)",0
8.88739,"(-0.248209,1.801713,1.259787)","(13.68691,89.44748,13.55679)",0
8.998538,"(-0.2495785,1.801093,1.259695)","(13.87805,90.84372,14.08188)",0
9.109125,"(-0.2506733,1.801089,1.259912)","(13.78065,91.81181,14.219)",0
9.220443,"(-0.2515354,1.801307,1.260618)","(13.66344,92.37697,14.23655)",0
9.331934,"(-0.2490139,1.800585,1.260263)","(13.94948,93.71963,14.87564)",0
9.443018,"(-0.2469673,1.798881,1.261028)","(14.83047,96.44975,16.57815)",0
9.554027,"(-0.2450008,1.79848,1.262911)","(14.93637,98.34869,17.25525)",0
9.665189,"(-0.2424641,1.796166,1.264482)","(15.32448,99.9463,18.20057)",0
9.775908,"(-0.2392712,1.792381,1.266382)","(16.0323,101.7803,19.65543)",0
9.887325,"(-0.2353897,1.788845,1.268707)","(16.89804,101.7752,20.70742)",0
9.998327,"(-0.2319565,1.788079,1.266861)","(17.24685,100.0047,20.49111)",0
10.1092,"(-0.2284794,1.787745,1.264078)","(17.26987,100.3492,20.6413)",0
10.22064,"(-0.2274799,1.788904,1.264078)","(16.76272,99.7528,19.83241)",0
10.33141,"(-0.2282658,1.791152,1.267599)","(15.90977,96.89204,17.91739)",0
10.44221,"(-0.2296066,1.792962,1.270462)","(15.62039,95.19331,17.08353)",0
10.55421,"(-0.230978,1.797542,1.269445)","(13.82578,94.46906,14.93635)",0
10.66404,"(-0.2324047,1.798229,1.26676)","(14.10191,95.01296,15.37822)",0
10.77597,"(-0.2324734,1.798491,1.262667)","(14.38558,95.33244,15.77392)",0
10.88723,"(-0.2312775,1.798275,1.257717)","(14.75821,95.79657,16.31208)",0
10.99839,"(-0.2293129,1.79632,1.251369)","(15.52867,98.69447,18.04474)",0
11.10882,"(-0.2270126,1.795846,1.246159)","(15.62553,101.9727,19.22455)",0
11.22104,"(-0.2225571,1.794459,1.24353)","(16.21039,104.2776,20.76227)",0
11.33189,"(-0.217371,1.790729,1.238325)","(18.1729,108.2289,24.93003)",0
11.44251,"(-0.2115536,1.789002,1.234533)","(19.08907,111.6196,27.80313)",0
11.55338,"(-0.2040291,1.789474,1.237858)","(18.84122,110.6592,26.97861)",0
11.66399,"(-0.1964188,1.789762,1.246536)","(18.69209,107.1714,25.15523)",0
11.77639,"(-0.1910992,1.791557,1.257174)","(17.80698,103.3379,22.41515)",0
11.88691,"(-0.1857357,1.792967,1.267427)","(16.94548,100.432,20.28522)",0
11.99719,"(-0.1783638,1.791299,1.273624)","(17.37744,99.92753,20.61767)",0
12.10816,"(-0.17062,1.791218,1.280277)","(16.99246,100.0178,20.19528)",0
12.22076,"(-0.1635799,1.789528,1.285227)","(17.60912,101.6114,21.51063)",0
12.33115,"(-0.1568146,1.784485,1.266487)","(19.33718,114.2845,29.55343)",0
12.44097,"(-0.159399,1.78246,1.2348)","(20.89137,133.118,46.06967)",0
12.55207,"(-0.1731682,1.778269,1.206085)","(21.63828,150.2673,71.50274)",0
12.66347,"(-0.1974068,1.777606,1.178532)","(21.68976,163.9769,107.3912)",0
12.77362,"(-0.2224712,1.778576,1.159681)","(21.91767,172.1708,141.0738)",0
12.88502,"(-0.2632523,1.779269,1.137089)","(21.8742,184.946,205.1969)",0
12.98509,"(-0.2970734,1.779404,1.122902)","(21.2605,196.7673,256.278)",0
13.0855,"(-0.3200741,1.779866,1.114214)","(21.241,208.5269,287.1738)",0
13.19568,"(-0.3334827,1.779754,1.113203)","(20.21996,220.5634,308.4855)",0
13.29597,"(-0.3421555,1.780375,1.113831)","(19.65591,229.8775,319.1355)",0
13.40682,"(-0.3532009,1.777034,1.114294)","(19.87788,239.2709,325.7609)",0
13.51884,"(-0.3648624,1.777308,1.119562)","(19.12207,246.763,331.3212)",0
13.6299,"(-0.380352,1.779941,1.12281)","(18.44954,251.0109,334.3512)",0
13.7398,"(-0.3969078,1.780487,1.126003)","(18.34461,254.9267,336.2027)",0
13.85105,"(-0.416441,1.781947,1.126402)","(17.71311,257.527,338.0362)",0
13.95112,"(-0.4392471,1.781181,1.127998)","(18.12433,259.4304,338.2617)",0
14.06207,"(-0.4658527,1.7822,1.133928)","(18.63841,261.8651,338.5697)",0
14.16218,"(-0.4815254,1.782573,1.140656)","(19.76096,266.2276,338.9224)",0
14.27344,"(-0.4843769,1.784956,1.141542)","(19.02531,269.0957,340.6777)",0
14.38429,"(-0.4780712,1.784011,1.136923)","(20.07551,271.5739,340.4579)",0
14.49512,"(-0.4741306,1.779821,1.140181)","(22.10995,277.8207,340.6621)",0
14.59555,"(-0.4736462,1.770109,1.151819)","(25.41834,286.1202,340.751)",0
14.70601,"(-0.4739552,1.763619,1.173876)","(27.77948,293.5775,341.6086)",0
14.80642,"(-0.4769115,1.759148,1.199812)","(29.96742,299.1161,342.1224)",0
14.91749,"(-0.4874058,1.754469,1.227922)","(32.21904,304.2331,342.6234)",0
15.02837,"(-0.5007992,1.748056,1.255453)","(34.05165,308.9254,343.3527)",0
15.13963,"(-0.5117531,1.745077,1.282764)","(34.91337,312.764,344.3412)",0
15.25042,"(-0.5218048,1.747595,1.301758)","(34.42586,316.0003,345.7313)",0
15.35075,"(-0.5331764,1.753167,1.305702)","(33.24706,316.0205,346.2508)",0
15.4614,"(-0.5414829,1.746284,1.307058)","(34.58163,318.4983,346.547)",0
15.56145,"(-0.54739,1.744039,1.312733)","(35.63382,324.2005,348.1473)",0
15.66147,"(-0.5452976,1.744243,1.321859)","(33.79636,330.5193,350.8606)",0
15.77252,"(-0.5409203,1.743553,1.330891)","(34.81527,334.2458,351.8006)",0
15.87253,"(-0.5427418,1.748087,1.343973)","(34.45264,331.4433,350.9766)",0
15.98348,"(-0.5554466,1.745556,1.357746)","(35.55714,320.6893,346.933)",0
16.08353,"(-0.5680294,1.744744,1.379911)","(34.86103,311.0672,343.7394)",0
16.19411,"(-0.5795193,1.744333,1.420046)","(33.7464,303.0934,341.3321)",0
16.29433,"(-0.5905151,1.740695,1.462475)","(34.64692,297.1112,338.4039)",0
16.40565,"(-0.6057186,1.737939,1.505968)","(36.35104,290.8408,334.496)",0
16.51658,"(-0.6257305,1.736213,1.541994)","(37.42584,284.3415,330.5271)",0
16.61665,"(-0.6502857,1.734731,1.569845)","(37.3667,278.1115,327.2989)",0
16.72761,"(-0.68433,1.727328,1.59726)","(37.72069,272.59,323.8363)",0
16.83851,"(-0.7252483,1.718671,1.61669)","(37.96254,269.3996,321.6666)",0
16.94974,"(-0.7704678,1.720355,1.631468)","(39.11393,267.106,319.0236)",0
17.06137,"(-0.8109798,1.735074,1.660528)","(32.48618,268.4372,326.6646)",0
17.17153,"(-0.8396969,1.755019,1.695791)","(26.48104,269.887,333.4685)",0
17.28291,"(-0.8690205,1.761233,1.733873)","(23.11755,269.1355,336.5406)",0
17.39396,"(-0.8971748,1.75924,1.784149)","(21.84673,268.5278,337.5988)",0
17.5047,"(-0.9249592,1.76021,1.844168)","(20.61464,267.3513,338.432)",0
17.60475,"(-0.9522381,1.767908,1.895929)","(20.05569,266.3019,338.636)",0
17.71579,"(-0.9846325,1.772089,1.946878)","(18.65674,266.0188,340.0258)",0
17.8161,"(-1.02202,1.77376,1.981142)","(18.68521,265.9437,339.9697)",0
17.91626,"(-1.064936,1.770544,2.004007)","(18.16145,264.9519,340.1953)",0
18.01634,"(-1.112286,1.762527,2.013844)","(18.41878,263.9583,339.57)",0
18.11644,"(-1.158594,1.760102,2.011602)","(17.71559,263.9323,340.3383)",0
18.22653,"(-1.215324,1.769732,2.0042)","(17.11711,263.6629,340.9117)",0
18.3273,"(-1.264166,1.771385,2.003115)","(16.90067,262.631,340.8135)",0
18.43749,"(-1.316788,1.774982,2.011803)","(17.35377,261.5955,339.946)",0
18.54901,"(-1.372196,1.772082,2.026081)","(17.6777,260.893,339.3242)",0
18.64962,"(-1.423563,1.765499,2.047216)","(17.74784,260.3521,339.0474)",0
18.74972,"(-1.469412,1.762374,2.078093)","(17.21693,258.9229,339.1596)",0
18.86069,"(-1.522104,1.772508,2.113844)","(18.29443,257.1534,337.1737)",0
18.97013,"(-1.566713,1.778196,2.136332)","(17.94878,253.6152,336.1656)",0
19.07139,"(-1.60281,1.768573,2.133007)","(23.62556,244.0763,323.0403)",0
19.18139,"(-1.635244,1.761675,2.117655)","(27.69841,232.0285,306.3986)",0
19.28179,"(-1.651917,1.749848,2.0891)","(30.6927,218.7974,284.1367)",0
19.38263,"(-1.656193,1.738944,2.049774)","(32.73251,205.6741,255.6184)",0
19.49346,"(-1.648605,1.726,2.002316)","(34.78357,191.0307,214.2667)",0
19.60446,"(-1.643082,1.721816,1.961063)","(36.73785,179.1374,177.4025)",0
19.70467,"(-1.648085,1.720176,1.937368)","(37.38829,174.4835,163.7929)",0
19.81527,"(-1.659563,1.72145,1.922304)","(38.81392,168.2624,147.4682)",0
19.92589,"(-1.682697,1.727316,1.910934)","(38.46049,163.2828,134.3178)",0
20.02591,"(-1.713566,1.728225,1.903824)","(38.16454,160.0969,126.2124)",0
20.1261,"(-1.754095,1.72993,1.904802)","(37.16779,158.4011,120.8649)",0
20.23706,"(-1.809099,1.734049,1.908842)","(35.92671,156.133,113.802)",0
20.33708,"(-1.865042,1.734132,1.905344)","(35.671,156.049,113.211)",0
20.44817,"(-1.920446,1.733616,1.898523)","(36.74901,155.3515,113.3303)",0
20.54824,"(-1.961779,1.733627,1.889639)","(37.0958,154.6634,112.3614)",0
20.64829,"(-1.994032,1.733575,1.877146)","(37.45222,153.8356,111.1381)",0
20.75895,"(-2.023245,1.728391,1.856939)","(37.59033,152.9987,109.5973)",0
20.85908,"(-2.038973,1.71953,1.83283)","(38.22261,152.2136,108.958)",0
20.97047,"(-2.045031,1.711118,1.799921)","(38.84525,150.8928,107.2722)",0
21.08137,"(-2.042753,1.710442,1.761274)","(40.34198,148.8166,105.5579)",0
21.18213,"(-2.040071,1.712529,1.732233)","(41.18736,146.1788,102.0461)",0
21.29265,"(-2.039412,1.712105,1.709017)","(42.70125,142.4847,98.03386)",0
21.39267,"(-2.043341,1.716942,1.692308)","(42.61203,139.9898,93.93937)",0
21.49285,"(-2.047602,1.717277,1.680956)","(43.24507,136.4925,89.6179)",0
21.59355,"(-2.05419,1.716386,1.671122)","(43.74157,131.5339,83.45256)",0
21.70422,"(-2.06941,1.716973,1.658911)","(43.80315,126.2955,76.90501)",0
21.80467,"(-2.095663,1.717664,1.647512)","(43.47079,119.9099,69.15345)",0
21.9159,"(-2.131723,1.720651,1.635717)","(42.51485,115.1602,62.97825)",0
22.0268,"(-2.174982,1.729832,1.613214)","(40.09488,114.7549,59.37465)",0
22.13746,"(-2.214922,1.730372,1.583078)","(39.71603,115.9458,60.00248)",0
22.24874,"(-2.248636,1.732041,1.55353)","(40.47299,117.1727,62.23243)",0
22.35958,"(-2.273703,1.736573,1.522978)","(39.50831,119.5975,63.34888)",0
22.4711,"(-2.288424,1.738703,1.496286)","(39.40256,121.1045,64.76971)",0
22.58189,"(-2.291315,1.741132,1.478037)","(38.68208,119.5193,62.10438)",0
22.69242,"(-2.281462,1.741446,1.472174)","(38.36723,116.7263,58.90819)",0
22.80432,"(-2.269228,1.743159,1.472296)","(37.66617,114.045,55.45792)",0
22.91533,"(-2.255026,1.741673,1.467585)","(37.44758,112.9458,54.18523)",0
23.02624,"(-2.248644,1.736342,1.461695)","(39.74559,112.9378,57.22141)",0
23.13858,"(-2.251112,1.738588,1.455755)","(39.25716,111.5365,55.32377)",0
23.24859,"(-2.260092,1.738032,1.442423)","(39.00971,109.6532,53.37051)",0
23.35934,"(-2.278975,1.736084,1.418741)","(39.12071,107.7126,51.88255)",0
23.47093,"(-2.306929,1.736664,1.385786)","(37.98513,106.2696,49.30914)",0
23.58156,"(-2.334959,1.738505,1.346533)","(37.71965,104.2287,47.40511)",0
23.69194,"(-2.358805,1.737436,1.308794)","(38.28468,104.0938,47.98095)",0
23.80399,"(-2.38159,1.736572,1.279299)","(38.87396,105.6655,49.91979)",0
23.91479,"(-2.407839,1.742303,1.2558)","(37.93981,111.5971,53.6579)",0
24.02556,"(-2.430288,1.747168,1.248411)","(37.52078,113.8832,55.11647)",0
24.13723,"(-2.448698,1.752141,1.255369)","(36.08098,112.6616,52.11151)",0
24.24828,"(-2.460447,1.757453,1.270353)","(34.89165,111.8577,49.84514)",0
24.35865,"(-2.467752,1.759601,1.286367)","(34.01322,111.9151,48.71511)",0
24.46968,"(-2.472395,1.759073,1.301489)","(34.70047,111.6191,49.39423)",0
24.58115,"(-2.472013,1.7585,1.315454)","(34.91346,109.4557,47.93972)",0
24.69201,"(-2.480467,1.760193,1.324209)","(34.27419,105.9592,44.47829)",0
24.80273,"(-2.495089,1.764114,1.327169)","(32.96288,102.1359,40.23007)",0
24.91428,"(-2.510279,1.765966,1.321623)","(32.50969,99.21091,37.82845)",0
25.02518,"(-2.523195,1.769539,1.310553)","(32.10962,96.54066,35.7658)",0
25.13618,"(-2.532801,1.767419,1.298197)","(33.03031,95.02371,35.87444)",0
25.24778,"(-2.539793,1.763932,1.290224)","(34.76167,92.51466,36.22192)",0
25.3586,"(-2.543123,1.763743,1.285147)","(35.05341,90.18637,35.16058)",0
25.46955,"(-2.544149,1.763744,1.279989)","(34.82265,90.42625,35.0668)",0
25.58079,"(-2.543692,1.765149,1.274679)","(34.31463,92.78706,35.91823)",0
25.69123,"(-2.542055,1.767425,1.267794)","(33.29804,97.08314,37.40224)",0
25.8026,"(-2.54114,1.769046,1.260454)","(32.50313,101.9014,39.53115)",0
25.91373,"(-2.540415,1.770094,1.254374)","(31.96251,105.3943,41.20285)",0
26.02475,"(-2.539808,1.77089,1.247995)","(31.56976,108.2678,42.71125)",0
26.13565,"(-2.53784,1.768819,1.244318)","(32.35412,109.487,44.62387)",0
26.24691,"(-2.534929,1.761794,1.244307)","(35.38374,108.7701,48.00751)",0
26.35786,"(-2.531118,1.752086,1.244768)","(39.36046,107.2607,51.80799)",0
26.4691,"(-2.526842,1.743288,1.245489)","(42.6922,105.776,54.63448)",0
26.5804,"(-2.522253,1.73619,1.244505)","(45.19837,105.2778,57.19759)",0
26.6907,"(-2.517401,1.732439,1.242769)","(46.49234,104.9503,58.43693)",0
26.80219,"(-2.512918,1.730855,1.24061)","(46.91688,104.8842,58.87665)",0
26.91327,"(-2.509775,1.730692,1.238569)","(46.7917,105.1046,58.92517)",0
27.02449,"(-2.507921,1.730391,1.2381)","(46.66444,104.9754,58.66122)",0
27.13649,"(-2.506159,1.732964,1.238169)","(45.45486,104.3478,56.69355)",0
27.2469,"(-2.505491,1.738,1.23889)","(43.46944,103.4946,53.64563)",0
27.35729,"(-2.506601,1.740996,1.239901)","(42.39856,103.2785,52.21406)",0
27.46845,"(-2.508036,1.742951,1.240103)","(41.69938,103.4548,51.53535)",0
27.57999,"(-2.510386,1.743844,1.240305)","(41.55302,103.5365,51.42872)",0
27.69034,"(-2.51301,1.7446,1.240614)","(41.4159,104.1584,51.76848)",0
27.80181,"(-2.515341,1.745463,1.242216)","(41.12353,104.5714,51.75517)",0
27.91281,"(-2.516279,1.745585,1.243532)","(41.10047,104.5326,51.69614)",0
28.02395,"(-2.515997,1.746318,1.243925)","(40.87997,105.0794,51.87643)",0
28.13561,"(-2.515364,1.747451,1.24275)","(40.21631,106.3891,52.14422)",0
28.24639,"(-2.515345,1.750701,1.240938)","(38.79235,108.4049,52.04471)",0
28.35715,"(-2.515924,1.753733,1.237303)","(37.45448,111.14,52.63007)",0
28.46805,"(-2.517096,1.756077,1.233675)","(36.46307,112.85,52.78546)",0
28.57955,"(-2.517912,1.757955,1.229418)","(35.69587,114.1369,52.86552)",0
28.69018,"(-2.518145,1.759522,1.225843)","(35.05351,114.6099,52.3964)",0
28.80107,"(-2.518351,1.760145,1.222132)","(34.90629,114.9374,52.47875)",0
28.91268,"(-2.518381,1.759902,1.219088)","(34.87641,115.123,52.59985)",0
29.02367,"(-2.517313,1.75883,1.220686)","(35.48177,112.085,50.82209)",0
29.13457,"(-2.51523,1.757758,1.225595)","(35.78186,107.5242,47.54325)",0
29.24553,"(-2.513975,1.755669,1.233347)","(36.83958,102.5859,45.13513)",0
29.35675,"(-2.513083,1.753944,1.241407)","(37.35633,98.01457,42.51102)",0
29.46754,"(-2.512594,1.753166,1.249647)","(37.84458,94.22961,40.5182)",0
29.57892,"(-2.511766,1.752376,1.256483)","(38.19749,92.93877,40.05237)",0
29.68963,"(-2.511126,1.751824,1.26338)","(38.49473,92.1506,39.85342)",0
29.80077,"(-2.509993,1.751214,1.27257)","(38.75512,90.23527,38.90263)",0
29.91215,"(-2.508894,1.750987,1.281607)","(38.91365,89.17835,38.40039)",0
30.02281,"(-2.507116,1.751676,1.287352)","(38.49616,90.24461,38.64867)",0
30.1346,"(-2.505896,1.753643,1.292521)","(37.48155,92.17548,38.82569)",0
30.24554,"(-2.506334,1.755014,1.297461)","(36.82876,93.77569,39.15385)",0
30.35612,"(-2.50786,1.756241,1.301367)","(36.2997,94.68077,39.16613)",0
30.46716,"(-2.509939,1.758983,1.302393)","(35.10008,96.78951,39.20627)",0
30.57856,"(-2.513121,1.760875,1.301722)","(34.39666,98.86395,39.75299)",0
30.68894,"(-2.516706,1.762518,1.299273)","(33.8397,101.0513,40.54472)",0
30.8004,"(-2.520834,1.764712,1.294874)","(33.01842,103.8471,41.44506)",0
30.91157,"(-2.525717,1.766375,1.289633)","(32.20705,107.0744,42.68001)",0
31.02242,"(-2.530363,1.768389,1.283323)","(31.31873,110.2733,43.8378)",0
31.13345,"(-2.533949,1.770942,1.278978)","(30.29716,111.8403,43.61963)",0
31.24501,"(-2.536165,1.775818,1.277231)","(28.28019,110.8132,40.13234)",0
31.35557,"(-2.537169,1.778999,1.276731)","(27.14082,108.7805,37.25104)",0
31.4674,"(-2.536947,1.779488,1.275339)","(27.15616,106.8288,36.04757)",0
31.57816,"(-2.536982,1.778602,1.271261)","(27.57831,106.4594,36.36226)",0
31.68901,"(-2.535543,1.778391,1.268454)","(27.59837,105.724,35.93629)",0
31.79999,"(-2.532087,1.77801,1.267115)","(27.94944,103.8154,35.22616)",0
31.91177,"(-2.527803,1.773736,1.264036)","(29.53069,102.3976,36.29768)",0
32.02273,"(-2.525515,1.770477,1.260336)","(31.38987,101.5124,37.96571)",0
32.1333,"(-2.52458,1.755472,1.256128)","(37.52943,101.8417,45.40516)",0
32.24469,"(-2.521925,1.746869,1.252382)","(40.57016,101.7275,48.85733)",0
32.35588,"(-2.518812,1.748456,1.249601)","(39.86563,100.7566,47.30892)",0
32.46669,"(-2.519667,1.742485,1.246359)","(42.12465,98.80213,48.39215)",0
32.57758,"(-2.51964,1.735639,1.241274)","(43.36314,96.25182,47.8354)",0
32.68871,"(-2.526838,1.728465,1.230368)","(45.00599,95.78795,49.2525)",0
32.79992,"(-2.531912,1.730183,1.221529)","(44.62399,96.84407,49.64807)",0
32.91177,"(-2.537802,1.72403,1.215017)","(44.44563,97.83173,50.21553)",0
33.02186,"(-2.552057,1.725155,1.213655)","(44.32227,99.19771,51.14765)",0
33.13251,"(-2.573694,1.728313,1.218248)","(42.99405,102.3484,52.15425)",0
33.24385,"(-2.599512,1.732202,1.22912)","(40.88831,108.2159,54.50755)",0
33.35558,"(-2.622911,1.732812,1.246649)","(39.82405,112.85,57.2444)",0
33.46581,"(-2.643843,1.734622,1.258631)","(39.2088,114.5438,57.98992)",0
33.57684,"(-2.666876,1.739382,1.259306)","(38.92442,115.6601,58.655)",0
33.6878,"(-2.689955,1.744692,1.253847)","(37.65977,117.1036,58.28877)",0
33.79901,"(-2.711493,1.74945,1.242891)","(36.60181,116.4142,56.1661)",0
33.90992,"(-2.731955,1.754118,1.22716)","(35.38646,114.583,52.8316)",0
34.02119,"(-2.75149,1.758096,1.206125)","(34.61802,113.4672,50.81821)",0
34.13209,"(-2.769365,1.758007,1.184328)","(34.73623,112.6019,50.25277)",0
34.24342,"(-2.786676,1.756467,1.164804)","(35.07648,111.4807,49.78151)",0
34.35453,"(-2.803904,1.75613,1.148981)","(35.32038,110.8222,49.56581)",0
34.46505,"(-2.819696,1.757372,1.136789)","(34.68555,110.1833,48.21803)",0
34.57632,"(-2.829847,1.756885,1.128149)","(34.23962,108.5019,46.3302)",0
34.68723,"(-2.830538,1.753003,1.123838)","(35.42954,105.5109,45.57918)",0
34.79883,"(-2.818857,1.752416,1.123297)","(35.36127,103.7235,44.19252)",0
34.90956,"(-2.796488,1.749301,1.128038)","(35.72372,103.2398,44.28051)",0
35.02081,"(-2.763075,1.744222,1.140654)","(35.95375,103.6427,44.84681)",0
35.1316,"(-2.722479,1.743896,1.161444)","(35.75137,104.2669,45.05712)",0
35.24316,"(-2.675276,1.748117,1.187681)","(34.97519,104.0335,43.94838)",0
35.35383,"(-2.62784,1.751018,1.213694)","(34.75509,103.5639,43.34889)",0
35.46537,"(-2.586546,1.748231,1.232599)","(36.06696,103.3337,44.75859)",0
35.57641,"(-2.548906,1.748097,1.241312)","(36.70293,103.7524,45.82658)",0
35.68698,"(-2.509703,1.742664,1.240423)","(38.07259,104.9198,48.36103)",0
35.79811,"(-2.467356,1.737064,1.230738)","(38.97588,103.9981,48.73461)",0
35.90931,"(-2.423666,1.72915,1.212122)","(39.82611,102.1385,48.30793)",0
36.01967,"(-2.379702,1.725473,1.18833)","(40.0315,99.6926,46.70708)",0
36.13127,"(-2.335073,1.731261,1.161657)","(40.67652,97.59975,45.89673)",0
36.24252,"(-2.29711,1.734864,1.135115)","(40.6917,96.2878,44.97173)",0
36.35312,"(-2.257723,1.73001,1.113459)","(42.56461,95.88989,46.70739)",0
36.46408,"(-2.219015,1.731043,1.104357)","(42.9113,95.19932,46.57438)",0
36.5752,"(-2.181417,1.727149,1.10203)","(43.9511,93.66981,46.55868)",0
36.6865,"(-2.142382,1.723066,1.108194)","(44.29741,93.39773,46.72214)",0
36.79753,"(-2.106207,1.720139,1.122583)","(44.49402,93.93555,47.32203)",0
36.90871,"(-2.067011,1.721716,1.144117)","(45.52767,95.49304,49.58517)",0
37.01986,"(-2.030111,1.722399,1.165876)","(45.40574,95.60492,49.54053)",0
37.13038,"(-1.997866,1.721804,1.183287)","(46.40355,95.19206,50.28624)",0
37.2417,"(-1.973761,1.717258,1.195654)","(47.69532,95.136,51.61311)",0
37.35265,"(-1.956625,1.709849,1.207964)","(50.16633,92.43169,52.05948)",0
37.46399,"(-1.943449,1.703734,1.219835)","(52.09159,87.6544,50.26381)",0
37.57482,"(-1.93408,1.696871,1.231432)","(54.10233,81.9371,47.82596)",0
37.6861,"(-1.926512,1.69303,1.240648)","(55.2144,77.0191,45.1857)",0
37.79672,"(-1.920698,1.68937,1.246664)","(56.07371,73.23918,43.18512)",0
37.90763,"(-1.915689,1.687492,1.248121)","(56.24979,73.20137,43.3033)",0
38.01878,"(-1.911509,1.688642,1.243883)","(55.94403,77.29265,46.01812)",0
38.13015,"(-1.907751,1.689048,1.235067)","(55.87148,82.86919,50.16544)",0
38.24102,"(-1.898939,1.689295,1.223764)","(55.58566,89.31348,55.02121)",0
38.35273,"(-1.887873,1.686454,1.211679)","(55.82214,96.11514,61.03904)",0
38.46427,"(-1.878271,1.682725,1.200682)","(56.47247,102.2428,67.32976)",0
38.57442,"(-1.869791,1.682684,1.190889)","(55.98715,106.1872,70.58276)",0
38.68575,"(-1.860643,1.681355,1.185858)","(55.9535,106.6901,71.03965)",0
38.79646,"(-1.841917,1.675305,1.188814)","(55.64179,103.4508,67.5493)",0
38.90775,"(-1.817389,1.65819,1.197206)","(57.36483,100.4428,66.62031)",0
39.0191,"(-1.791891,1.63713,1.205599)","(58.74467,99.21847,66.97286)",0
39.12943,"(-1.770071,1.61511,1.212164)","(60.12617,98.97424,68.22757)",0
39.24101,"(-1.753771,1.597451,1.216055)","(60.95553,98.74788,68.90096)",0
39.35196,"(-1.743608,1.585508,1.21855)","(61.79682,98.55059,69.61061)",0
39.46241,"(-1.73691,1.576545,1.219877)","(62.21569,99.40565,70.87175)",0
39.57406,"(-1.73481,1.571252,1.222374)","(62.52542,100.1419,71.91108)",0
39.6852,"(-1.737154,1.572903,1.22336)","(62.69088,100.1632,72.10888)",0
39.79641,"(-1.745707,1.582452,1.217237)","(61.8454,101.4194,72.41718)",0
39.90738,"(-1.761698,1.594218,1.202765)","(59.917,107.6718,76.51627)",0
40.01802,"(-1.786425,1.609841,1.172598)","(55.33542,120.5729,85.14608)",0
40.12964,"(-1.82292,1.626317,1.146898)","(52.00649,124.5712,85.75705)",0
40.24094,"(-1.869177,1.644035,1.121225)","(49.58467,122.502,80.19283)",0
40.35244,"(-1.922232,1.657854,1.091543)","(48.05038,118.7384,73.94543)",0
40.46302,"(-1.974173,1.669023,1.060335)","(46.53467,116.3734,69.45534)",0
40.57367,"(-2.017496,1.678949,1.032854)","(44.27174,115.1039,65.2228)",0
40.68435,"(-2.056051,1.690386,1.013609)","(43.61158,114.0747,63.34604)",0
40.79606,"(-2.089209,1.707084,1.004236)","(41.68388,112.6051,59.44356)",0
40.90704,"(-2.119703,1.721234,1.003832)","(38.88128,110.9868,54.35401)",0
41.01755,"(-2.148474,1.736702,1.013441)","(34.46803,108.9754,46.98824)",0
41.12901,"(-2.181723,1.746899,1.033468)","(31.0592,107.5845,41.57034)",0
41.24016,"(-2.221788,1.751467,1.06111)","(29.37278,107.0177,39.01953)",0
41.35081,"(-2.261671,1.754099,1.09696)","(27.28266,106.0069,35.70745)",0
41.46184,"(-2.301596,1.753861,1.134752)","(27.85959,105.264,35.9857)",0
41.57342,"(-2.333384,1.743449,1.165506)","(33.01333,106.0354,42.96019)",0
41.68433,"(-2.367399,1.740605,1.182074)","(36.42872,106.7816,47.78023)",0
41.79547,"(-2.400942,1.734334,1.191866)","(39.63682,105.8255,50.97754)",0
41.90704,"(-2.432295,1.731723,1.193129)","(40.60653,104.0615,50.7286)",0
42.01666,"(-2.464102,1.726276,1.188848)","(40.74163,102.4168,49.59043)",0
42.12829,"(-2.498755,1.721549,1.174162)","(41.26542,100.7471,48.90406)",0
42.23975,"(-2.53546,1.721329,1.159227)","(41.97715,96.47145,46.49783)",0
42.35068,"(-2.56328,1.721084,1.150156)","(42.19326,89.95164,42.16078)",0
42.46144,"(-2.589422,1.720195,1.147043)","(42.8873,84.30452,39.14574)",0
42.57283,"(-2.617807,1.727694,1.149851)","(42.16051,81.69279,36.86394)",0
42.68396,"(-2.645189,1.736428,1.159426)","(39.62458,81.26942,34.35932)",0
42.79495,"(-2.672201,1.737814,1.174688)","(38.2928,83.66952,34.53062)",0
42.90726,"(-2.698645,1.737033,1.19525)","(38.19768,88.43881,37.24247)",0
43.01646,"(-2.721521,1.734715,1.214052)","(36.80462,93.37305,38.87453)",0
43.12809,"(-2.74642,1.735828,1.226542)","(37.59076,97.89883,42.69275)",0
43.2392,"(-2.765417,1.745395,1.236292)","(34.05702,98.87647,39.37645)",0
43.35023,"(-2.785997,1.756415,1.241758)","(31.73502,97.83313,36.11461)",0
43.46146,"(-2.806471,1.757644,1.236582)","(33.1158,98.89744,38.32248)",0
43.57331,"(-2.821806,1.749791,1.221888)","(37.30864,100.8436,44.42984)",0
43.68323,"(-2.832098,1.745528,1.202143)","(40.24158,102.4484,49.03105)",0
43.79474,"(-2.837473,1.742055,1.18569)","(41.46923,103.4543,51.26394)",0
43.90537,"(-2.839258,1.743317,1.173342)","(41.29608,103.2125,50.86696)",0
44.01654,"(-2.838007,1.745519,1.163401)","(40.42865,102.6231,49.38537)",0
44.12736,"(-2.838037,1.747715,1.153818)","(39.34319,103.993,49.16932)",0
44.23844,"(-2.839811,1.752152,1.146597)","(38.029,105.4087,48.68751)",0
44.34964,"(-2.842432,1.751807,1.143)","(38.27425,105.861,49.34178)",0
44.46122,"(-2.844679,1.753017,1.144056)","(38.13145,104.7228,48.28007)",0
44.57243,"(-2.848009,1.755348,1.146498)","(37.63275,103.4476,46.71218)",0
44.68309,"(-2.852896,1.757251,1.147558)","(37.19896,103.5861,46.29756)",0
44.7941,"(-2.85771,1.759653,1.146803)","(36.28475,105.9086,46.9324)",0
44.90532,"(-2.861349,1.760973,1.145601)","(35.57713,108.3621,47.93532)",0
45.01626,"(-2.863852,1.762263,1.145197)","(35.09674,109.3984,48.13208)",0
45.12704,"(-2.866587,1.764109,1.142897)","(34.32673,110.594,48.07256)",0
45.23832,"(-2.869337,1.765106,1.138964)","(33.82192,111.6548,48.24855)",0
45.34918,"(-2.871412,1.767525,1.135691)","(32.97964,111.5344,47.02241)",0
45.46035,"(-2.872946,1.768569,1.133375)","(32.66677,110.7098,45.96261)",0
45.57132,"(-2.872766,1.769525,1.134493)","(32.38729,108.1063,43.65135)",0
45.68281,"(-2.873304,1.770281,1.138655)","(32.2104,104.2646,40.74252)",0
45.7933,"(-2.873934,1.770395,1.142488)","(32.27566,101.5424,39.03019)",0
45.90568,"(-2.874937,1.770526,1.147703)","(32.15486,98.63058,37.06788)",0
46.01506,"(-2.875441,1.769871,1.152281)","(32.21471,96.3757,35.78417)",0
46.12627,"(-2.87541,1.769262,1.154181)","(32.32391,95.61774,35.4594)",0
46.23735,"(-2.874559,1.769363,1.154829)","(32.12846,95.77302,35.33747)",0
46.34843,"(-2.872286,1.76862,1.156187)","(32.29126,95.30855,35.24434)",0
46.4598,"(-2.867746,1.768884,1.159304)","(32.63146,94.10068,34.9121)",0
46.57079,"(-2.85914,1.767729,1.166117)","(32.88511,92.56731,34.30595)",0
46.68209,"(-2.852968,1.764894,1.178511)","(33.8005,91.16732,34.45545)",0
46.79301,"(-2.850222,1.764886,1.192518)","(33.49845,90.93478,34.01791)",0
46.90499,"(-2.849596,1.766551,1.208426)","(33.23991,90.44086,33.48236)",0
47.01503,"(-2.849291,1.764695,1.227968)","(33.81808,88.16623,32.81081)",0
47.12581,"(-2.846224,1.762037,1.250372)","(34.49076,86.08614,32.33457)",0
47.2373,"(-2.841967,1.760606,1.273489)","(34.55972,84.37481,31.4911)",0
47.34828,"(-2.837767,1.764901,1.295477)","(32.41396,82.45084,28.57673)",0
47.45918,"(-2.836493,1.768727,1.310331)","(30.58795,82.11728,26.79673)",0
47.5704,"(-2.836481,1.770543,1.318113)","(29.63484,83.18065,26.42595)",0
47.68122,"(-2.835226,1.770321,1.326742)","(29.77713,82.15524,26.09555)",0
47.79257,"(-2.833502,1.767171,1.334551)","(30.48465,78.92738,25.28782)",0
47.90411,"(-2.843916,1.752637,1.336691)","(35.95317,74.87305,27.90012)",0
48.01435,"(-2.863516,1.743868,1.338408)","(38.79779,68.14165,26.79106)",0
48.125,"(-2.88431,1.738937,1.338484)","(41.20178,59.69952,24.34547)",0
48.23674,"(-2.902502,1.732866,1.332006)","(43.43176,52.83964,22.38556)",0
48.34743,"(-2.924753,1.726703,1.330088)","(45.39901,43.02541,18.72533)",0
48.4586,"(-2.947638,1.726747,1.331095)","(44.87513,33.26537,14.06479)",0
48.57018,"(-2.971174,1.7289,1.331724)","(43.70414,25.12266,10.21229)",0
48.68033,"(-2.996046,1.733554,1.335585)","(41.65281,15.92478,6.091211)",0
48.79128,"(-3.005552,1.73893,1.333536)","(40.02457,16.34051,5.986647)",0
48.90396,"(-2.989946,1.747051,1.323126)","(37.40821,31.97294,11.08007)",0
49.01445,"(-2.962763,1.754353,1.300138)","(34.33121,53.74509,17.79205)",0
49.12571,"(-2.941919,1.762161,1.273344)","(31.11527,70.67283,22.3321)",0
49.23743,"(-2.925909,1.771573,1.243383)","(27.53508,86.18021,25.81943)",0
49.34645,"(-2.915411,1.779045,1.213648)","(24.81288,100.3164,29.53874)",0
49.45787,"(-2.909197,1.783604,1.187487)","(23.10669,112.3962,33.95908)",0
49.56902,"(-2.90661,1.786646,1.166868)","(22.15341,122.0724,38.95789)",0
49.68004,"(-2.90539,1.78766,1.149725)","(22.14687,130.2928,45.8099)",0
49.79123,"(-2.901052,1.786516,1.13735)","(22.99622,135.0299,52.34424)",0
49.90374,"(-2.886412,1.777091,1.135775)","(28.58704,129.8546,57.14228)",0
50.0131,"(-2.868677,1.764823,1.134542)","(33.97836,122.9026,58.63426)",0
50.12415,"(-2.854975,1.756919,1.12966)","(36.28545,118.0621,57.27036)",0
50.23524,"(-2.843878,1.751189,1.1229)","(38.00949,113.9934,55.87342)",0
50.34667,"(-2.83433,1.749336,1.114187)","(38.50029,111.677,54.46094)",0
50.45794,"(-2.827204,1.747068,1.107027)","(39.06073,109.7952,53.55685)",0
50.56922,"(-2.824522,1.746471,1.098989)","(39.11283,109.4961,53.36804)",0
50.67974,"(-2.826109,1.748001,1.088728)","(38.48918,113.2426,55.83651)",0
50.79041,"(-2.831137,1.749317,1.078299)","(37.78306,120.0461,61.35951)",0
50.9023,"(-2.839914,1.749732,1.071627)","(37.12469,126.9384,67.85084)",0
51.01245,"(-2.854628,1.75088,1.067228)","(35.88306,134.3538,75.14953)",0
51.12406,"(-2.873919,1.754696,1.063059)","(34.16953,143.4987,85.97021)",0
51.23434,"(-2.89242,1.758592,1.064173)","(32.86245,149.1312,93.77489)",0
51.34531,"(-2.89966,1.763893,1.071478)","(31.58852,146.4756,86.40395)",0
51.44551,"(-2.905066,1.769419,1.079882)","(30.30254,142.2062,76.68983)",0
51.55698,"(-2.904825,1.769521,1.092653)","(30.71276,135.323,67.51199)",0
51.65733,"(-2.900816,1.767759,1.106646)","(31.58789,127.5696,59.75103)",0
51.76822,"(-2.897245,1.768587,1.123953)","(31.4179,119.0789,51.11713)",0
51.86852,"(-2.895697,1.769894,1.140574)","(31.22484,111.8727,44.91003)",0
51.97919,"(-2.894526,1.772323,1.164007)","(30.76201,102.5371,37.86207)",0
52.08966,"(-2.896631,1.777395,1.193155)","(28.57754,92.2991,29.69715)",0
52.19057,"(-2.901545,1.781153,1.221125)","(26.53397,84.00232,23.97268)",0
52.30127,"(-2.90782,1.779627,1.256041)","(25.71576,75.66944,20.10544)",0
52.41225,"(-2.909918,1.775305,1.27313)","(26.24701,74.80537,20.21544)",0
52.52399,"(-2.910673,1.773087,1.281427)","(26.19491,76.71162,20.86408)",0
52.63524,"(-2.912691,1.77348,1.287344)","(25.68468,77.41991,20.70802)",0
52.74584,"(-2.916597,1.772972,1.293726)","(25.95926,76.77381,20.69655)",0
52.85672,"(-2.919195,1.774362,1.295198)","(25.59592,77.91068,20.81339)",0
52.96819,"(-2.919603,1.775444,1.287558)","(25.60801,83.11644,22.78308)",0
53.07902,"(-2.918306,1.779352,1.265852)","(23.88058,94.84716,25.92286)",0
53.19028,"(-2.922365,1.782993,1.245173)","(22.10958,104.423,28.28568)",0
53.30151,"(-2.928068,1.784216,1.232855)","(21.97668,107.7039,29.77052)",0
53.41194,"(-2.932096,1.781916,1.22304)","(23.59539,108.7102,32.4777)",0
53.52323,"(-2.933687,1.780553,1.212851)","(24.6086,109.8239,34.49728)",0
53.63428,"(-2.934771,1.7805,1.199457)","(24.91099,113.7492,37.40203)",0
53.7452,"(-2.935125,1.780287,1.186808)","(25.2354,117.6152,40.58192)",0
53.85583,"(-2.934359,1.779088,1.177725)","(25.87535,119.2771,42.82594)",0
53.96748,"(-2.932867,1.777888,1.174047)","(26.6323,118.3322,43.25799)",0
54.07854,"(-2.932035,1.776858,1.174395)","(27.51761,115.8892,42.71281)",0
54.18937,"(-2.931414,1.775,1.179003)","(28.23249,112.5826,41.30893)",0
54.30034,"(-2.93247,1.774961,1.186968)","(28.50416,108.1503,38.63884)",0
54.41187,"(-2.935259,1.774887,1.19409)","(28.59137,105.228,36.88242)",0
54.52262,"(-2.936422,1.776077,1.200891)","(28.31168,103.7954,35.65977)",0
54.63369,"(-2.934946,1.773646,1.206785)","(29.01667,103.2713,36.2059)",0
54.74503,"(-2.936304,1.77305,1.211561)","(29.11756,103.2798,36.33396)",0
54.85571,"(-2.938269,1.774015,1.215014)","(28.6165,103.5889,35.90943)",0
54.96701,"(-2.939566,1.772589,1.216646)","(28.96294,103.9728,36.56836)",0
55.07794,"(-2.940374,1.772498,1.218012)","(28.98168,104.162,36.70787)",0
55.18916,"(-2.941179,1.772416,1.219862)","(29.0927,104.5783,37.10324)",0
55.29985,"(-2.941221,1.772241,1.221869)","(29.0927,104.8416,37.26778)",0
55.41138,"(-2.942045,1.77218,1.224054)","(29.11708,104.9355,37.35705)",0
55.52197,"(-2.943304,1.771942,1.223665)","(29.26778,105.0699,37.62981)",0
55.63388,"(-2.945387,1.772903,1.219946)","(29.13019,105.6287,37.81178)",0
55.74459,"(-2.946783,1.773096,1.217905)","(29.08348,105.2867,37.53625)",0
55.85556,"(-2.947309,1.772765,1.217203)","(29.27763,104.5477,37.31348)",0
55.9673,"(-2.946718,1.77275,1.218103)","(29.3567,104.2572,37.22966)",0
56.07823,"(-2.944975,1.77172,1.220102)","(29.69238,103.8443,37.38454)",0
56.18876,"(-2.942057,1.770296,1.223333)","(30.21475,102.5056,37.18538)",0
56.29953,"(-2.939955,1.769154,1.224352)","(30.59029,102.6866,37.74963)",0
56.41127,"(-2.939352,1.768687,1.222918)","(30.72863,103.7744,38.60805)",0
56.52149,"(-2.939863,1.768643,1.220919)","(30.6864,104.7699,39.20117)",0
56.63298,"(-2.941027,1.768439,1.219545)","(30.83191,105.0914,39.59292)",0
56.74426,"(-2.9419,1.768396,1.218855)","(30.81154,105.0998,39.57317)",0
56.85506,"(-2.94264,1.768767,1.218561)","(30.67217,105.1358,39.42344)",0
56.96639,"(-2.942472,1.768704,1.21866)","(30.68874,105.1559,39.45729)",0
57.07746,"(-2.94179,1.768459,1.218969)","(30.79618,105.1704,39.60064)",0
57.18826,"(-2.940775,1.76813,1.218573)","(31.00063,105.0591,39.78127)",0
57.29943,"(-2.938963,1.767852,1.217676)","(31.16568,105.0359,39.97086)",0
57.41052,"(-2.937086,1.767241,1.21591)","(31.44462,105.2434,40.45622)",0
57.52168,"(-2.935514,1.766577,1.214174)","(31.65259,105.4694,40.86796)",0
57.6469,"(-2.934431,1.766565,1.213511)","(31.71939,105.5443,41.00222)",0
57.76587,"(-2.93334,1.766345,1.213068)","(31.78352,105.5005,41.05235)",0
57.87671,"(-2.932058,1.766352,1.213503)","(31.7277,105.2045,40.78185)",0
57.98816,"(-2.930269,1.766124,1.214022)","(31.76267,104.8839,40.60871)",0
58.09916,"(-2.92827,1.766787,1.215025)","(31.35971,104.199,39.65646)",0
58.20964,"(-2.925108,1.78228,1.224821)","(25.52472,99.46777,29.94175)",0
58.32111,"(-2.92507,1.795795,1.238916)","(20.15221,94.70255,21.83809)",0
58.43264,"(-2.918985,1.799046,1.250246)","(18.1511,92.63713,18.99113)",0
58.54269,"(-2.9088,1.807592,1.258867)","(12.56001,93.08082,13.24819)",0
58.65413,"(-2.901991,1.809521,1.267313)","(11.00816,96.60149,12.34577)",0
58.76519,"(-2.883669,1.792089,1.279768)","(16.57384,98.99073,19.35262)",0
58.87593,"(-2.863188,1.784676,1.288294)","(18.92944,99.58502,22.3136)",0
58.98705,"(-2.843416,1.782231,1.289816)","(20.09016,99.92521,23.81017)",0
59.09818,"(-2.821295,1.778371,1.28245)","(21.02763,100.0917,24.98259)",0
59.20892,"(-2.798182,1.775595,1.265131)","(22.03966,99.58399,25.94665)",0
59.30975,"(-2.784647,1.776353,1.248285)","(22.34563,99.0079,26.04583)",0
59.42067,"(-2.765257,1.778236,1.225447)","(22.84858,97.50594,25.95431)",0
59.53133,"(-2.747412,1.779503,1.205915)","(24.22852,94.53451,26.1599)",0
59.64236,"(-2.733366,1.777928,1.18611)","(24.62146,91.38676,25.20566)",0
59.75319,"(-2.719351,1.772444,1.168814)","(25.62003,89.854,25.55697)",0
59.85373,"(-2.706278,1.772854,1.159941)","(26.30345,90.31727,26.4444)",0
59.96466,"(-2.690939,1.772662,1.160921)","(26.51161,90.84084,26.88942)",0
60.07568,"(-2.67547,1.773026,1.174768)","(26.59958,91.3747,27.2218)",0
60.18658,"(-2.658602,1.775815,1.198317)","(26.56217,91.78123,27.36997)",0
60.28665,"(-2.640287,1.775647,1.218958)","(26.48415,93.46364,28.07211)",0
60.38666,"(-2.620028,1.771939,1.238661)","(26.77833,96.02399,29.6282)",0
60.48667,"(-2.600985,1.768602,1.258116)","(27.13138,98.47678,31.27578)",0
60.58697,"(-2.582758,1.765592,1.274332)","(27.38749,100.7617,32.80165)",0
60.69811,"(-2.565447,1.764626,1.285086)","(28.15539,102.5806,34.75003)",0
60.80862,"(-2.547457,1.767126,1.288157)","(27.51436,103.865,34.7195)",0
60.91975,"(-2.52767,1.766806,1.280859)","(27.36045,104.1749,34.71118)",0
61.03086,"(-2.510439,1.767247,1.263536)","(27.28329,102.4756,33.63592)",0
61.13092,"(-2.495523,1.768611,1.241323)","(27.20693,100.8305,32.6267)",0
61.24148,"(-2.478338,1.76895,1.216524)","(27.55711,99.57195,32.34882)",0
61.34207,"(-2.462919,1.764353,1.199667)","(28.68129,98.559,33.08371)",0
61.45302,"(-2.451242,1.764733,1.191614)","(28.8407,98.22667,33.0812)",0
61.56416,"(-2.443449,1.766568,1.196241)","(28.76149,97.60574,32.65176)",0
61.66427,"(-2.439394,1.769754,1.206781)","(27.90719,96.60043,31.16505)",0
61.76471,"(-2.438711,1.772061,1.218424)","(27.56862,95.65178,30.30572)",0
61.87477,"(-2.439547,1.773799,1.231089)","(27.09054,94.50747,29.21861)",0
61.975,"(-2.43952,1.773316,1.242636)","(27.44399,92.39667,28.5696)",0
62.08569,"(-2.436941,1.773765,1.253813)","(27.61476,90.29467,27.75166)",0
62.19677,"(-2.432463,1.773573,1.26169)","(27.99203,89.58968,27.80005)",0
62.2969,"(-2.428831,1.773815,1.265608)","(28.11206,90.48132,28.3397)",0
62.39697,"(-2.425337,1.773582,1.262957)","(27.98611,95.43469,30.64946)",0
62.508,"(-2.422625,1.773154,1.259874)","(27.83109,99.43572,32.59115)",0
62.6189,"(-2.419775,1.772872,1.25762)","(27.83825,100.694,33.29443)",0
62.72997,"(-2.415895,1.771484,1.254171)","(28.38359,101.4073,34.34305)",0
62.83036,"(-2.41213,1.771037,1.250154)","(28.55375,102.145,34.97455)",0
62.94105,"(-2.40872,1.769889,1.244707)","(28.89083,103.3122,36.07738)",0
63.04129,"(-2.40719,1.768843,1.239824)","(29.27447,104.8286,37.48593)",0
63.15212,"(-2.406462,1.768393,1.235033)","(29.37762,106.1124,38.4348)",0
63.2523,"(-2.406073,1.767605,1.230455)","(29.63327,106.6926,39.13882)",0
63.36332,"(-2.405092,1.766936,1.226145)","(29.9269,107.1973,39.85036)",0
63.46346,"(-2.40407,1.766405,1.223761)","(30.14641,107.5124,40.34545)",0
63.56347,"(-2.403067,1.765901,1.221571)","(30.28167,107.8511,40.75128)",0
63.67379,"(-2.402037,1.765213,1.220053)","(30.52952,107.6033,40.9014)",0
63.77385,"(-2.400728,1.764657,1.219942)","(30.81135,107.1489,40.9514)",0
63.87385,"(-2.400099,1.764336,1.220934)","(30.95088,106.5557,40.72385)",0
63.97404,"(-2.399603,1.764066,1.222582)","(31.11364,105.8509,40.45178)",0
64.08484,"(-2.398977,1.763726,1.225904)","(31.23269,104.3467,39.59771)",0
64.1963,"(-2.397806,1.763705,1.231836)","(31.3654,101.6086,37.99723)",0
64.30714,"(-2.396975,1.763885,1.23815)","(31.37346,99.06774,36.44435)",0
64.41816,"(-2.396399,1.764099,1.242933)","(31.18659,97.89395,35.5355)",0
64.52962,"(-2.39628,1.764365,1.246996)","(30.95817,96.77898,34.63498)",0
64.64014,"(-2.396265,1.765083,1.251947)","(30.64255,94.66354,33.10674)",0
64.74023,"(-2.395964,1.765308,1.256365)","(30.45331,93.0162,32.0178)",0
64.84033,"(-2.39607,1.765495,1.259878)","(30.38826,92.20615,31.5232)",0
64.9406,"(-2.396349,1.76602,1.263159)","(30.13435,91.72935,31.01407)",0
65.04088,"(-2.396345,1.766225,1.265966)","(30.16554,91.42162,30.88768)",0
65.14095,"(-2.396334,1.76603,1.268232)","(30.27491,91.49439,31.03692)",0
65.25104,"(-2.396166,1.765636,1.270864)","(30.40179,91.63684,31.2405)",0
65.36262,"(-2.39625,1.765238,1.272959)","(30.57392,91.87546,31.54156)",0
65.46367,"(-2.396898,1.765459,1.274221)","(30.62014,92.01855,31.66418)",0
65.58353,"(-2.397753,1.765064,1.275671)","(30.87288,92.03506,31.93339)",0
65.69472,"(-2.399179,1.763612,1.277967)","(31.77944,90.9957,32.30774)",0
65.80547,"(-2.399683,1.761224,1.280672)","(32.78221,89.57768,32.55425)",0
65.91697,"(-2.399889,1.762347,1.279333)","(32.31212,90.86662,32.77834)",0
66.02834,"(-2.399691,1.762224,1.27865)","(32.3082,91.34029,33.03172)",0
66.13979,"(-2.399855,1.762254,1.278318)","(32.28584,91.35494,33.0169)",0
66.25025,"(-2.399591,1.762429,1.277327)","(32.20392,91.70727,33.12545)",0
66.36154,"(-2.398726,1.762038,1.276644)","(32.27648,91.93472,33.32467)",0
66.47289,"(-2.398142,1.761838,1.276201)","(32.34407,91.90506,33.37788)",0
66.58413,"(-2.398172,1.761564,1.275587)","(32.43489,92.07726,33.56641)",0
66.69489,"(-2.398443,1.761261,1.276026)","(32.47476,91.84169,33.47726)",0
66.80623,"(-2.398912,1.760541,1.277311)","(32.67561,91.60764,33.55395)",0
66.9174,"(-2.399118,1.758438,1.279009)","(33.45053,91.14098,34.08473)",0
67.02802,"(-2.399061,1.757218,1.280153)","(33.85812,90.71783,34.26014)",0
67.13865,"(-2.399469,1.756716,1.280138)","(33.95143,91.06734,34.55217)",0
67.24941,"(-2.400358,1.75703,1.279902)","(33.85799,91.23546,34.55254)",0
67.36069,"(-2.401854,1.758119,1.280664)","(33.48145,90.74184,33.89291)",0
67.47258,"(-2.403303,1.758922,1.281851)","(33.19671,90.02506,33.21043)",0
67.58352,"(-2.404329,1.759231,1.282625)","(33.09781,90.05216,33.12631)",0
67.69467,"(-2.405073,1.75976,1.282915)","(32.98119,90.36163,33.17859)",0
67.80534,"(-2.405855,1.759375,1.28404)","(33.30407,89.97132,33.28832)",0
67.91587,"(-2.406988,1.759202,1.285372)","(33.37765,89.91135,33.32891)",0
68.0281,"(-2.407827,1.759785,1.280119)","(33.03278,93.63812,35.07071)",0
68.13824,"(-2.409254,1.760933,1.272478)","(32.49979,98.23251,37.21437)",0
68.24885,"(-2.411169,1.761598,1.263937)","(32.23541,102.4957,39.59992)",0
68.36005,"(-2.413889,1.762266,1.256163)","(31.99492,105.7338,41.47606)",0
68.47198,"(-2.415602,1.762177,1.251001)","(32.02718,107.2112,42.54789)",0
68.58263,"(-2.416922,1.762212,1.248022)","(32.11806,107.9616,43.19989)",0
68.68372,"(-2.41818,1.761337,1.245966)","(32.47701,108.3243,43.92595)",0
68.79454,"(-2.418718,1.760908,1.245535)","(32.69336,108.1028,44.04295)",0
68.90614,"(-2.419203,1.760283,1.245752)","(32.85238,107.5717,43.85961)",0
69.01594,"(-2.419004,1.759549,1.245722)","(32.99022,107.314,43.84819)",0
69.12739,"(-2.418421,1.75924,1.2465)","(32.99466,106.8418,43.51269)",0
69.22766,"(-2.417322,1.759317,1.248846)","(32.97288,105.2322,42.34474)",0
69.32827,"(-2.415098,1.759184,1.257647)","(33.23372,98.75787,38.36856)",0
69.43798,"(-2.413462,1.757829,1.265158)","(33.78093,94.28507,36.24074)",0
69.54919,"(-2.411547,1.756539,1.270102)","(34.29771,92.23695,35.57898)",0
69.66055,"(-2.409021,1.756233,1.273668)","(34.41288,91.66816,35.36715)",0
69.77116,"(-2.406408,1.755871,1.276655)","(34.57537,91.25838,35.29602)",0
69.882,"(-2.404455,1.755038,1.279135)","(34.93074,90.75687,35.36647)",0
69.99398,"(-2.403151,1.755103,1.282423)","(34.96577,89.14697,34.47987)",0
70.10421,"(-2.40204,1.755014,1.282183)","(35.00858,89.93881,34.97349)",0
70.21571,"(-2.401102,1.754998,1.279291)","(34.96538,92.22115,36.25893)",0
70.32717,"(-2.400904,1.754954,1.277487)","(34.8895,93.38189,36.8723)",0
70.43738,"(-2.401651,1.754673,1.276739)","(35.10137,93.58577,37.21791)",0
70.548,"(-2.402346,1.754031,1.277578)","(35.50368,93.04204,37.30967)",0
70.66013,"(-2.404387,1.75016,1.282198)","(37.50948,89.97886,37.4966)",0
70.77058,"(-2.405039,1.747358,1.286333)","(38.68913,87.67446,37.25799)",0
70.88178,"(-2.405378,1.749341,1.28681)","(37.7366,88.58295,36.87769)",0
70.99353,"(-2.405687,1.751916,1.280561)","(36.37999,93.48185,38.49742)",0
71.1039,"(-2.407114,1.75413,1.27215)","(35.19016,98.76639,40.58633)",0
71.21474,"(-2.40814,1.755599,1.267088)","(34.49014,100.8145,41.14451)",0
71.32573,"(-2.408224,1.756258,1.264467)","(34.17906,101.3384,41.13285)",0
71.43759,"(-2.407557,1.756274,1.264544)","(34.16715,100.1405,40.32353)",0
71.54768,"(-2.406408,1.756393,1.265814)","(34.0808,98.57838,39.21234)",0
71.65877,"(-2.405638,1.757397,1.269453)","(33.65991,95.79877,37.0173)",0
71.76968,"(-2.405142,1.757911,1.272779)","(33.5028,93.84657,35.68774)",0
71.88133,"(-2.404177,1.757842,1.275339)","(33.5241,92.69542,35.04272)",0
71.99187,"(-2.402605,1.758024,1.277292)","(33.4464,92.25723,34.7114)",0
72.10278,"(-2.401522,1.758406,1.276934)","(33.2975,92.9315,34.94227)",0
72.21373,"(-2.401213,1.757751,1.274839)","(33.5842,94.28713,36.03276)",0
72.32655,"(-2.401365,1.75809,1.271147)","(33.49837,96.45492,37.23934)",0
72.4362,"(-2.401911,1.758461,1.266768)","(33.44927,98.6608,38.55141)",0
72.54758,"(-2.402788,1.758813,1.259977)","(33.1714,102.5417,40.74791)",0
72.65785,"(-2.403349,1.759331,1.259878)","(33.19385,101.2618,39.92777)",0
72.77032,"(-2.403505,1.758471,1.264307)","(33.65401,97.77183,38.22367)",0
72.88065,"(-2.404108,1.758187,1.267698)","(33.81592,95.53467,37.02664)",0
72.99157,"(-2.404795,1.75841,1.270689)","(33.73444,94.29813,36.19905)",0
73.10368,"(-2.405218,1.758233,1.271994)","(33.78474,94.50144,36.37329)",0
73.21482,"(-2.405188,1.758203,1.273188)","(33.76881,94.35828,36.27127)",0
73.32545,"(-2.40486,1.757923,1.27355)","(33.86116,94.44345,36.42024)",0
73.43571,"(-2.404356,1.757137,1.274012)","(34.12673,94.084,36.4883)",0
73.54718,"(-2.403788,1.756518,1.274134)","(34.30497,94.2296,36.7645)",0
73.65844,"(-2.403521,1.756219,1.27421)","(34.41518,94.32549,36.93929)",0
73.76843,"(-2.403402,1.756279,1.273813)","(34.34884,94.81423,37.16393)",0
73.88023,"(-2.403223,1.756489,1.270704)","(34.11079,97.2362,38.39669)",0
73.99194,"(-2.403711,1.756871,1.267511)","(33.88819,99.33651,39.48047)",0
74.10205,"(-2.404287,1.757167,1.265741)","(33.81365,100.0397,39.85038)",0
74.21284,"(-2.404402,1.7572,1.2656)","(33.83062,99.58004,39.57183)",0
74.32602,"(-2.403852,1.756896,1.265574)","(33.97991,99.49928,39.6903)",0
74.43585,"(-2.403128,1.756771,1.265882)","(34.05629,99.31565,39.65864)",0
74.54646,"(-2.402239,1.756519,1.26615)","(34.11055,99.031,39.53656)",0
74.64657,"(-2.401667,1.756454,1.266443)","(34.15742,98.84094,39.46732)",0
74.74789,"(-2.401159,1.756191,1.266153)","(34.24816,98.88698,39.59973)",0
74.85741,"(-2.400946,1.756072,1.265661)","(34.28103,99.10895,39.78054)",0
74.96869,"(-2.400824,1.756112,1.264696)","(34.27731,99.35526,39.93624)",0
75.06902,"(-2.400526,1.755947,1.264288)","(34.37087,99.11491,39.88646)",0
75.16915,"(-2.400248,1.756573,1.265409)","(34.16497,97.9836,38.92809)",0
75.27996,"(-2.400312,1.757035,1.26763)","(34.08563,95.81149,37.48741)",0
75.39083,"(-2.400743,1.757409,1.268564)","(33.92751,95.09341,36.88059)",0
75.49136,"(-2.401548,1.758091,1.26895)","(33.58656,94.96935,36.43988)",0
75.60283,"(-2.40233,1.758712,1.270353)","(33.25753,94.36559,35.73127)",0
75.71304,"(-2.40307,1.759254,1.271315)","(32.93925,93.70721,35.01182)",0
75.82418,"(-2.40407,1.759698,1.272867)","(32.75224,92.89787,34.35431)",0
75.9355,"(-2.404615,1.759473,1.27294)","(32.78621,93.23443,34.58058)",0
76.04632,"(-2.405195,1.759692,1.272017)","(32.7455,94.30309,35.1498)",0
76.15749,"(-2.405737,1.759674,1.271452)","(32.74127,94.98125,35.53888)",0
76.2579,"(-2.40626,1.760181,1.270292)","(32.6426,95.2487,35.5888)",0
76.36887,"(-2.407274,1.761291,1.268312)","(32.42678,95.39436,35.44066)",0
76.46896,"(-2.408583,1.762053,1.266932)","(32.29996,95.048,35.10302)",0
76.57953,"(-2.410116,1.762441,1.265284)","(32.30977,94.93839,35.05034)",0
76.68057,"(-2.411081,1.762738,1.264071)","(32.28225,95.25209,35.20191)",0
76.79102,"(-2.412592,1.763322,1.263964)","(32.10406,95.60134,35.21135)",0
76.90226,"(-2.414198,1.763151,1.264086)","(32.10931,96.03752,35.47066)",0
77.01279,"(-2.415956,1.763517,1.264227)","(31.93276,96.96065,35.81808)",0
77.12361,"(-2.417955,1.763774,1.263662)","(31.78254,97.84572,36.17536)",0
77.23474,"(-2.420153,1.764515,1.262156)","(31.53811,98.67188,36.39382)",0
77.33481,"(-2.422216,1.764785,1.26026)","(31.39498,99.54079,36.7548)",0
77.44549,"(-2.424463,1.765009,1.257803)","(31.21934,100.4075,37.08036)",0
77.5457,"(-2.426195,1.764988,1.255316)","(31.12311,101.2376,37.47966)",0
77.64587,"(-2.427721,1.764822,1.253313)","(31.10472,101.7714,37.79059)",0
77.74601,"(-2.428892,1.764821,1.251509)","(31.01908,102.279,38.00741)",0
77.85719,"(-2.429564,1.765337,1.24925)","(30.8297,103.377,38.47632)",0
77.96822,"(-2.429087,1.764778,1.247713)","(31.06514,103.984,39.1549)",0
78.07893,"(-2.427141,1.764454,1.246641)","(31.12575,104.4256,39.51803)",0
78.19049,"(-2.424128,1.764424,1.246099)","(31.21832,104.5609,39.72119)",0
78.30145,"(-2.421228,1.763858,1.24589)","(31.55713,104.3413,39.99275)",0
78.40163,"(-2.418756,1.7635,1.245649)","(31.74967,104.1075,40.07365)",0
78.51224,"(-2.416525,1.763353,1.246302)","(31.81823,103.7616,39.92818)",0
78.61234,"(-2.414888,1.76327,1.247816)","(31.91482,103.044,39.57349)",0
78.72369,"(-2.413321,1.763517,1.24991)","(31.89267,102.2787,39.04998)",0
78.8341,"(-2.411802,1.763401,1.254412)","(31.97744,99.95635,37.68051)",0
78.94547,"(-2.410616,1.763133,1.25876)","(32.11436,97.88742,36.57222)",0
79.05657,"(-2.409548,1.762833,1.261839)","(32.2041,96.99245,36.13712)",0
79.1673,"(-2.408834,1.762608,1.263403)","(32.27912,96.88635,36.15703)",0
79.26754,"(-2.407541,1.762122,1.264593)","(32.4316,96.80446,36.27663)",0
79.37815,"(-2.406549,1.761366,1.264902)","(32.59279,97.01031,36.57785)",0
79.48902,"(-2.406336,1.761153,1.264219)","(32.61678,97.41222,36.84664)",0
79.58913,"(-2.406404,1.760931,1.262945)","(32.59448,98.00063,37.17917)",0
79.7,"(-2.406309,1.760709,1.262327)","(32.6327,98.12277,37.29673)",0
79.81083,"(-2.406923,1.760785,1.261599)","(32.5084,98.51434,37.39673)",0
79.92211,"(-2.407606,1.760412,1.260225)","(32.5256,99.13315,37.79831)",0
80.03321,"(-2.408167,1.760441,1.259127)","(32.52405,99.56435,38.06518)",0
80.14432,"(-2.408163,1.760511,1.257772)","(32.47463,100.3782,38.52021)",0
80.24546,"(-2.408068,1.760621,1.255682)","(32.46788,101.607,39.29852)",0
80.36614,"(-2.407835,1.76115,1.25263)","(32.36358,103.117,40.16227)",0
80.4771,"(-2.407644,1.761474,1.250669)","(32.35007,103.7981,40.59963)",0
80.58826,"(-2.407656,1.761586,1.248915)","(32.37989,104.3492,41.00729)",0
80.69966,"(-2.408125,1.761731,1.247438)","(32.35052,104.7832,41.2662)",0
80.81057,"(-2.408621,1.762058,1.246546)","(32.23979,105.201,41.41499)",0
80.92184,"(-2.409407,1.762033,1.245588)","(32.24676,105.4793,41.6149)",0
81.03323,"(-2.410105,1.762032,1.245142)","(32.24448,105.4424,41.58668)",0
81.14414,"(-2.410837,1.761781,1.244665)","(32.38431,105.3607,41.70415)",0
81.24467,"(-2.411634,1.761632,1.243582)","(32.40566,105.606,41.90039)",0
81.3658,"(-2.412306,1.761459,1.242418)","(32.47921,105.4254,41.86679)",0
81.4766,"(-2.411886,1.761259,1.247568)","(32.85173,100.6428,39.12698)",0
81.5879,"(-2.412096,1.761211,1.249739)","(32.93858,98.94801,38.15293)",0
81.69966,"(-2.412859,1.760924,1.248758)","(32.9209,99.85187,38.70213)",0
81.81028,"(-2.413195,1.760454,1.249552)","(33.03482,99.57828,38.65946)",0
81.92125,"(-2.412626,1.760313,1.2516)","(32.99506,98.99891,38.24899)",0
82.03239,"(-2.412359,1.759718,1.252508)","(33.11688,99.13584,38.47365)",0
82.14318,"(-2.411943,1.759611,1.252947)","(33.15035,99.27126,38.59727)",0
82.25446,"(-2.411982,1.759874,1.252073)","(33.03468,99.6545,38.70761)",0
82.36559,"(-2.412012,1.759886,1.251333)","(33.05611,100.0839,39.0057)",0
82.47626,"(-2.412096,1.759836,1.251444)","(33.14896,100.0535,39.09335)",0
82.58755,"(-2.412134,1.760094,1.251684)","(33.17738,100.087,39.14761)",0
82.69815,"(-2.412523,1.760133,1.251669)","(33.15018,100.252,39.22214)",0
82.80916,"(-2.412992,1.760373,1.251925)","(33.13693,100.3054,39.24109)",0
82.92064,"(-2.413328,1.760641,1.252081)","(33.06052,100.3866,39.20484)",0
83.03142,"(-2.413523,1.760511,1.252108)","(33.07701,100.5383,39.32155)",0
83.14232,"(-2.413691,1.760481,1.252363)","(33.12848,100.5165,39.36728)",0
83.25408,"(-2.41366,1.760213,1.252848)","(33.2187,100.3538,39.36689)",0
83.36465,"(-2.414042,1.760388,1.252943)","(33.12528,100.3433,39.25201)",0
83.47624,"(-2.414721,1.760272,1.253531)","(33.18526,100.1596,39.20329)",0
83.58831,"(-2.415121,1.760358,1.254045)","(33.21242,100.2308,39.28043)",0
83.69858,"(-2.415697,1.760338,1.254789)","(33.1481,100.057,39.09461)",0
83.80911,"(-2.416376,1.760092,1.255255)","(33.18142,100.016,39.10675)",0
83.90929,"(-2.41683,1.759626,1.255465)","(33.29512,100.0645,39.26896)",0
84.02014,"(-2.417234,1.759433,1.255995)","(33.29039,100.0143,39.23127)",0
84.13112,"(-2.417704,1.759242,1.257086)","(33.38464,99.76022,39.17662)",0
84.23143,"(-2.418432,1.759263,1.258455)","(33.3511,99.34811,38.8751)",0
84.33158,"(-2.418577,1.75938,1.25976)","(33.34645,98.89453,38.58239)",0
84.43187,"(-2.418184,1.759476,1.260042)","(33.41037,99.01073,38.72844)",0
84.54251,"(-2.417337,1.759605,1.259569)","(33.41959,99.44799,39.01697)",0
84.65333,"(-2.416861,1.759793,1.259459)","(33.3382,99.64149,39.04737)",0
84.76495,"(-2.416555,1.759941,1.25878)","(33.31397,99.91474,39.1945)",0
84.87531,"(-2.4163,1.760021,1.257734)","(33.29708,100.4486,39.51898)",0
84.98663,"(-2.415895,1.760073,1.257685)","(33.26049,100.7072,39.6441)",0
85.08736,"(-2.415674,1.760013,1.257761)","(33.29073,100.6805,39.66191)",0
85.19791,"(-2.415545,1.759987,1.257586)","(33.32582,100.8736,39.82842)",0
85.3083,"(-2.415758,1.760063,1.257215)","(33.26176,101.0988,39.9007)",0
85.40845,"(-2.416143,1.760032,1.256315)","(33.24031,101.3838,40.06224)",0
85.50874,"(-2.41646,1.760136,1.255384)","(33.18425,101.6668,40.18245)",0
85.61989,"(-2.41699,1.75996,1.25474)","(33.20084,101.7542,40.25965)",0
85.72014,"(-2.417673,1.759946,1.254515)","(33.1659,101.6725,40.16459)",0
85.8311,"(-2.41839,1.759845,1.254469)","(33.18919,101.4634,40.05445)",0
85.94205,"(-2.418756,1.759671,1.255228)","(33.28465,101.0159,39.87329)",0
86.05319,"(-2.418844,1.759517,1.256933)","(33.34121,100.1741,39.39271)",0
86.15349,"(-2.41884,1.75921,1.258802)","(33.44082,99.42533,39.02677)",0
86.26394,"(-2.418833,1.759299,1.260412)","(33.40177,98.97174,38.69398)",0
86.36395,"(-2.418531,1.759304,1.261255)","(33.43715,98.84263,38.65245)",0
86.4641,"(-2.418047,1.759168,1.262278)","(33.5205,98.75957,38.69436)",0
86.56439,"(-2.417715,1.759092,1.263044)","(33.52329,98.64084,38.62248)",0
86.67496,"(-2.417433,1.759273,1.263514)","(33.55836,98.68602,38.69068)",0
86.78656,"(-2.41707,1.759431,1.264204)","(33.54553,98.49081,38.55296)",0
86.89748,"(-2.416456,1.759326,1.264944)","(33.54875,98.3931,38.49506)",0
87.00827,"(-2.415945,1.759169,1.266047)","(33.61074,98.21272,38.45138)",0
87.11932,"(-2.415121,1.758844,1.267241)","(33.704,97.91494,38.36906)",0
87.23029,"(-2.414648,1.75871,1.268339)","(33.75198,97.69073,38.28232)",0
87.34104,"(-2.415125,1.758592,1.268568)","(33.80649,97.46759,38.20366)",0
87.45258,"(-2.415503,1.758844,1.269323)","(33.74855,97.20885,37.97844)",0
87.5635,"(-2.41596,1.758924,1.270861)","(33.71833,96.82658,37.70875)",0
87.67416,"(-2.416349,1.758889,1.273451)","(33.72359,96.34434,37.41858)",0
87.77432,"(-2.41662,1.758785,1.275377)","(33.73956,95.96822,37.2067)",0
87.88628,"(-2.416437,1.758552,1.276976)","(33.82407,95.88734,37.24947)",0
87.9966,"(-2.416231,1.758361,1.277899)","(33.88062,95.96342,37.35734)",0
88.10741,"(-2.41567,1.758109,1.278528)","(33.94574,95.97993,37.43831)",0
88.2075,"(-2.41503,1.757969,1.278841)","(33.93138,96.09125,37.49075)",0
88.31902,"(-2.414003,1.75765,1.279299)","(34.02205,96.04071,37.55861)",0
88.42956,"(-2.412802,1.757403,1.27915)","(34.12893,96.12793,37.72869)",0
88.52966,"(-2.411734,1.757514,1.279268)","(34.14905,96.1113,37.74039)",0
88.62983,"(-2.410711,1.757273,1.279192)","(34.27625,96.11709,37.88266)",0
88.74046,"(-2.409876,1.757201,1.278711)","(34.32628,96.2859,38.04172)",0
88.85157,"(-2.409544,1.757164,1.277731)","(34.34025,96.46132,38.16594)",0
88.95179,"(-2.409311,1.757136,1.277224)","(34.3271,96.54585,38.20411)",0
89.0626,"(-2.409369,1.757298,1.276964)","(34.30925,96.40375,38.09622)",0
89.1735,"(-2.409922,1.757316,1.276762)","(34.28093,96.33435,38.02218)",0
89.28522,"(-2.410913,1.757456,1.276392)","(34.26069,96.23808,37.94046)",0
89.39579,"(-2.411989,1.757506,1.275988)","(34.25596,96.27094,37.95562)",0
89.50618,"(-2.414038,1.757786,1.275282)","(34.16344,96.43391,37.95526)",0
89.60628,"(-2.415815,1.758133,1.275431)","(34.07898,96.48487,37.89423)",0
89.71722,"(-2.417303,1.756411,1.277857)","(34.83212,95.86407,38.33048)",0
89.81757,"(-2.417585,1.755049,1.280809)","(35.38201,94.88516,38.3137)",0
89.91766,"(-2.417486,1.75544,1.282534)","(35.23496,94.62541,37.99549)",0
90.01853,"(-2.417429,1.755711,1.283026)","(35.12068,94.82361,37.99581)",0
90.1293,"(-2.417379,1.756273,1.284197)","(34.87426,95.02058,37.85324)",0
90.23969,"(-2.418634,1.756166,1.285326)","(34.83212,94.85228,37.70459)",0
90.33996,"(-2.41828,1.756274,1.287283)","(34.80959,94.54153,37.49029)",0
90.45099,"(-2.416979,1.756027,1.288706)","(34.8557,94.3901,37.447)",0
90.56236,"(-2.41503,1.755389,1.289091)","(35.06577,94.41057,37.68301)",0
90.67379,"(-2.413137,1.754913,1.288675)","(35.201,94.61457,37.95257)",0
90.784,"(-2.41181,1.754569,1.287912)","(35.30726,94.80856,38.18611)",0
90.89505,"(-2.410482,1.754467,1.287703)","(35.35443,94.78333,38.2209)",0
90.99554,"(-2.409071,1.754095,1.287596)","(35.47488,94.7844,38.35034)",0
91.10582,"(-2.407473,1.753618,1.286901)","(35.61303,94.94623,38.59925)",0
91.20582,"(-2.406538,1.753303,1.286287)","(35.69576,95.06705,38.76376)",0
91.31651,"(-2.405809,1.753323,1.285727)","(35.71109,95.05663,38.77364)",0
91.41729,"(-2.405577,1.753301,1.285074)","(35.73553,95.13139,38.84694)",0
91.52815,"(-2.405485,1.753226,1.284338)","(35.75052,95.14839,38.87373)",0
91.63894,"(-2.405291,1.75314,1.283834)","(35.75217,95.26015,38.946)",0
91.7504,"(-2.405333,1.753039,1.283907)","(35.75042,95.29668,38.96718)",0
91.86113,"(-2.405676,1.753108,1.284201)","(35.77204,95.11044,38.87294)",0
91.96146,"(-2.40613,1.75316,1.284029)","(35.74326,95.28625,38.95289)",0
92.07201,"(-2.407068,1.753353,1.283426)","(35.64894,95.57394,39.03302)",0
92.17207,"(-2.407885,1.75346,1.281969)","(35.52418,96.3278,39.37659)",0
92.28342,"(-2.408655,1.753862,1.279722)","(35.36298,97.79779,40.14618)",0
92.39521,"(-2.409037,1.753491,1.276697)","(35.57427,100.0638,41.89044)",0
92.50488,"(-2.408567,1.751249,1.274782)","(36.35805,101.415,43.73182)",0
92.60505,"(-2.408022,1.749778,1.273252)","(36.95817,101.0738,44.1881)",0
92.70524,"(-2.408827,1.748392,1.271605)","(37.68641,99.91635,44.20479)",0
92.81645,"(-2.410036,1.746276,1.270433)","(38.69159,98.76678,44.52706)",0
92.92754,"(-2.410749,1.744645,1.270483)","(39.49583,97.83163,44.7592)",0
93.02767,"(-2.411428,1.743021,1.272764)","(40.19128,96.18431,44.35626)",0
93.12775,"(-2.412481,1.741674,1.275488)","(40.70785,94.11617,43.46827)",0
93.23822,"(-2.413363,1.741157,1.278528)","(40.96105,92.50722,42.63241)",0
93.33823,"(-2.414412,1.740453,1.279921)","(41.28247,92.17818,42.74049)",0
93.44888,"(-2.415663,1.740226,1.27981)","(41.35405,92.22383,42.84518)",0
93.5493,"(-2.416586,1.739999,1.27976)","(41.38588,92.31564,42.94049)",0
93.66047,"(-2.417898,1.739768,1.278399)","(41.45745,92.98257,43.47165)",0
93.76088,"(-2.418573,1.739979,1.277086)","(41.30947,93.82419,43.89936)",0
93.87101,"(-2.419062,1.740073,1.275892)","(41.23272,94.69699,44.42807)",0
93.9715,"(-2.41926,1.740214,1.275694)","(41.15969,95.23319,44.72802)",0
94.08258,"(-2.41921,1.740398,1.276037)","(41.05402,95.41168,44.74107)",0
94.18264,"(-2.418924,1.740093,1.276003)","(41.09531,95.72697,45.00892)",0
94.29391,"(-2.418146,1.73984,1.276339)","(41.11884,96.01406,45.23879)",0
94.4043,"(-2.416742,1.739418,1.277094)","(41.21658,96.068,45.38291)",0
94.50436,"(-2.415266,1.739106,1.277754)","(41.32841,96.06264,45.49987)",0
94.60484,"(-2.413652,1.739003,1.278105)","(41.35915,96.06834,45.53717)",0
94.71542,"(-2.411627,1.738519,1.278204)","(41.40003,96.0463,45.56549)",0
94.81547,"(-2.40941,1.738193,1.27791)","(41.50486,95.99484,45.64166)",0
94.92633,"(-2.406839,1.738061,1.27738)","(41.56166,95.94882,45.66983)",0
95.03655,"(-2.404707,1.73818,1.276793)","(41.57725,95.91087,45.65935)",0
95.1587,"(-2.402246,1.73929,1.276136)","(41.17953,95.85962,45.19405)",0
95.27029,"(-2.40069,1.742396,1.275789)","(40.00484,95.50623,43.68147)",0
95.38075,"(-2.399637,1.743939,1.275267)","(39.37963,94.94255,42.62482)",0
95.49297,"(-2.398638,1.745165,1.274595)","(38.88293,94.78429,41.98818)",0
95.6031,"(-2.398497,1.746062,1.273302)","(38.51551,95.14782,41.83936)",0
95.71404,"(-2.39905,1.747116,1.271837)","(38.14395,95.47532,41.65944)",0
95.82613,"(-2.400049,1.747843,1.270708)","(37.80841,95.8988,41.57993)",0
95.93651,"(-2.401381,1.748427,1.269827)","(37.60355,96.0752,41.47544)",0
96.03656,"(-2.402433,1.748498,1.268709)","(37.53947,96.36454,41.59875)",0
96.14727,"(-2.404318,1.749071,1.264654)","(37.28465,98.43519,42.71872)",0
96.24737,"(-2.406572,1.750036,1.258806)","(36.79567,101.8086,44.5229)",0
96.34756,"(-2.40896,1.750426,1.254957)","(36.6003,103.5005,45.51822)",0
96.45868,"(-2.411451,1.751126,1.251711)","(36.42459,104.266,45.87119)",0
96.55919,"(-2.412737,1.751619,1.24909)","(36.3277,104.6847,46.0646)",0
96.66943,"(-2.413496,1.752042,1.247282)","(36.2404,104.9924,46.18777)",0
96.7697,"(-2.41395,1.752404,1.246725)","(36.13595,104.9929,46.06061)",0
96.88046,"(-2.414198,1.752614,1.247423)","(36.06902,104.563,45.66001)",0
96.98053,"(-2.413824,1.752729,1.248873)","(36.02155,104.0433,45.22042)",0
97.08085,"(-2.413301,1.752432,1.250551)","(36.14796,103.4604,44.94741)",0
97.19176,"(-2.412733,1.752509,1.251566)","(36.11898,102.9561,44.54817)",0
97.29218,"(-2.412191,1.752718,1.253222)","(36.10669,101.7137,43.64861)",0
97.40269,"(-2.411623,1.75269,1.25564)","(36.22156,99.64993,42.34914)",0
97.5134,"(-2.411081,1.752531,1.257872)","(36.3455,97.75122,41.20892)",0
97.61353,"(-2.411001,1.752993,1.25923)","(36.25243,97.02374,40.62548)",0
97.72474,"(-2.411558,1.753247,1.259741)","(36.07989,97.04128,40.44695)",0
97.83511,"(-2.412241,1.753337,1.260759)","(35.99945,97.05572,40.36776)",0
97.93554,"(-2.412809,1.753416,1.261705)","(35.89653,96.97605,40.2025)",0
98.04623,"(-2.413977,1.75322,1.262407)","(35.92075,97.00256,40.2464)",0
98.14668,"(-2.414709,1.753209,1.262671)","(35.94203,96.93077,40.22311)",0
98.25813,"(-2.415388,1.753568,1.262678)","(35.82907,96.97487,40.12745)",0
98.36895,"(-2.415709,1.753668,1.262617)","(35.81049,97.0482,40.15461)",0
98.48032,"(-2.415457,1.753511,1.262747)","(35.89951,97.06393,40.26297)",0
98.59086,"(-2.41609,1.75388,1.263281)","(35.87467,96.77764,40.04966)",0
98.69153,"(-2.416727,1.754114,1.263559)","(35.83005,96.58301,39.87487)",0
98.80212,"(-2.41754,1.75444,1.263933)","(35.74208,96.57835,39.77551)",0
98.91254,"(-2.41844,1.75451,1.263926)","(35.73742,96.6895,39.84205)",0
99.01338,"(-2.419001,1.754353,1.264273)","(35.76143,96.81948,39.95237)",0
99.12401,"(-2.419535,1.754243,1.264608)","(35.77479,96.97439,40.06738)",0
99.23516,"(-2.419939,1.75412,1.265486)","(35.82894,97.09686,40.2066)",0
99.33538,"(-2.420511,1.753958,1.266409)","(35.88002,96.78571,40.06078)",0
99.44611,"(-2.421049,1.754128,1.267118)","(35.86873,96.70399,39.99546)",0
99.54626,"(-2.421499,1.754104,1.267561)","(35.84629,96.8325,40.05404)",0
99.65772,"(-2.422075,1.754048,1.267717)","(35.81195,96.954,40.09507)",0
99.7682,"(-2.421904,1.753796,1.267965)","(35.88276,97.14067,40.2945)",0
99.8682,"(-2.4219,1.753293,1.26782)","(35.95539,97.30441,40.48166)",0
99.97884,"(-2.42137,1.753137,1.267599)","(35.98685,97.58053,40.69769)",0
100.0792,"(-2.420462,1.752586,1.267237)","(36.11325,97.71173,40.92458)",0
100.1904,"(-2.418997,1.752288,1.266508)","(36.22661,97.99703,41.24006)",0
100.2906,"(-2.417696,1.752175,1.266024)","(36.28127,98.12566,41.38684)",0
100.4011,"(-2.415995,1.752063,1.264952)","(36.38083,98.3098,41.6215)",0
100.5011,"(-2.414644,1.752062,1.263781)","(36.39991,98.75616,41.94367)",0
100.6118,"(-2.413271,1.752189,1.262911)","(36.37967,98.92199,42.03312)",0
100.712,"(-2.412142,1.752213,1.263147)","(36.35347,98.61882,41.79868)",0
100.8123,"(-2.411272,1.752299,1.26333)","(36.3556,98.36993,41.63362)",0
100.9236,"(-2.41054,1.752093,1.263399)","(36.42949,98.23362,41.62482)",0
101.0349,"(-2.410181,1.751921,1.263926)","(36.47192,97.9922,41.5104)",0
101.1452,"(-2.409975,1.75206,1.264288)","(36.47978,98.02132,41.53867)",0
101.2454,"(-2.410212,1.751927,1.264387)","(36.51359,98.08468,41.61885)",0
101.3567,"(-2.410395,1.751781,1.264154)","(36.53778,98.38794,41.8499)",0
101.4568,"(-2.410955,1.751515,1.264208)","(36.59204,98.65849,42.09375)",0
101.5682,"(-2.411974,1.752262,1.262693)","(36.27632,99.75271,42.48193)",0
101.6781,"(-2.413912,1.752843,1.25881)","(35.85921,102.4253,43.86059)",0
101.7895,"(-2.4158,1.753267,1.25596)","(35.64986,104.1056,44.81676)",0
101.9012,"(-2.417414,1.753465,1.254099)","(35.53403,105.0904,45.39667)",0
102.0112,"(-2.418779,1.75351,1.252184)","(35.45857,106.0112,45.98766)",0
102.1224,"(-2.419882,1.753486,1.250326)","(35.38407,107.096,46.71355)",0
102.2226,"(-2.420351,1.753454,1.249472)","(35.37966,107.5675,47.06858)",0
102.3227,"(-2.420797,1.753478,1.248652)","(35.37779,107.6666,47.14241)",0
102.4228,"(-2.421167,1.753447,1.24822)","(35.44606,107.5178,47.11429)",0
102.5232,"(-2.421106,1.753387,1.249025)","(35.59538,106.8637,46.80172)",0
102.6337,"(-2.420519,1.752836,1.25186)","(36.03837,104.8828,45.85955)",0
102.7341,"(-2.419767,1.752358,1.255346)","(36.40051,102.8517,44.8075)",0
102.8448,"(-2.419252,1.751814,1.258581)","(36.75666,101.2217,44.05916)",0
102.956,"(-2.419069,1.751787,1.260172)","(36.76816,100.7715,43.7544)",0
103.0562,"(-2.418875,1.751646,1.260435)","(36.77043,101.0155,43.92918)",0
103.167,"(-2.418692,1.751608,1.260569)","(36.78618,101.1558,44.04669)",0
103.2779,"(-2.418333,1.751429,1.259783)","(36.82283,101.6496,44.44084)",0
103.3779,"(-2.41815,1.751314,1.259176)","(36.85937,102.1439,44.83858)",0
103.4894,"(-2.417471,1.751098,1.25902)","(36.8683,102.5529,45.14514)",0
103.6,"(-2.417002,1.750189,1.259668)","(37.17677,102.6822,45.60405)",0
103.7,"(-2.417048,1.749635,1.260015)","(37.35814,102.5743,45.73921)",0
103.8111,"(-2.417799,1.749113,1.258833)","(37.51627,102.7802,46.07762)",0
103.9221,"(-2.417898,1.748752,1.257105)","(37.61245,103.1008,46.42922)",0
104.033,"(-2.417421,1.748408,1.255816)","(37.74268,103.2195,46.67244)",0
104.1331,"(-2.416792,1.748006,1.254866)","(37.84366,103.195,46.77404)",0
104.2441,"(-2.415789,1.747496,1.254007)","(38.03973,103.1047,46.93904)",0
104.3556,"(-2.414698,1.746816,1.253706)","(38.24381,102.9425,47.05899)",0
104.4662,"(-2.413614,1.746742,1.253679)","(38.31036,102.8406,47.06112)",0
104.577,"(-2.412249,1.746541,1.253969)","(38.37084,102.6938,47.02228)",0
104.6775,"(-2.41081,1.747164,1.254347)","(38.16958,102.4152,46.57739)",0
104.787,"(-2.409754,1.74822,1.255239)","(37.80366,101.7327,45.6459)",0
104.8877,"(-2.409227,1.749313,1.257826)","(37.45119,99.87685,43.90865)",0
104.9976,"(-2.408987,1.75044,1.262655)","(37.10155,96.79176,41.40509)",0
105.098,"(-2.409002,1.751285,1.266726)","(36.79296,94.89561,39.83014)",0
105.1991,"(-2.409842,1.751897,1.269125)","(36.55135,94.61692,39.39389)",0
105.31,"(-2.410738,1.752428,1.271162)","(36.38343,94.48136,39.12904)",0
105.4215,"(-2.41147,1.752402,1.273146)","(36.37002,94.45361,39.09722)",0
105.5216,"(-2.411612,1.752267,1.273695)","(36.36637,94.84611,39.34232)",0
105.6216,"(-2.412062,1.752195,1.273058)","(36.29777,95.6396,39.77606)",0
105.7325,"(-2.412851,1.751979,1.271482)","(36.29922,96.5886,40.3922)",0
105.8433,"(-2.413855,1.752319,1.269735)","(36.16544,97.37558,40.7607)",0
105.9547,"(-2.414923,1.752819,1.268427)","(35.96688,97.95374,40.92164)",0
106.0656,"(-2.415945,1.752864,1.266687)","(35.93954,98.60719,41.32531)",0
106.1763,"(-2.416815,1.752969,1.264517)","(35.92296,99.75951,42.08307)",0
106.2764,"(-2.417093,1.752997,1.263105)","(35.90744,100.5223,42.58712)",0
106.3765,"(-2.417131,1.753073,1.262594)","(35.92744,100.5579,42.63469)",0
106.488,"(-2.417295,1.753244,1.262449)","(35.95578,100.1961,42.41873)",0
106.5984,"(-2.417273,1.753693,1.263247)","(35.9094,99.81027,42.10212)",0
106.6986,"(-2.417414,1.753993,1.264574)","(35.85698,99.21449,41.63923)",0
106.8098,"(-2.417593,1.754062,1.266466)","(35.85004,98.25414,40.98994)",0
106.9209,"(-2.417395,1.754123,1.268103)","(35.86842,97.65413,40.61456)",0
107.0313,"(-2.417139,1.754084,1.268576)","(35.84182,97.59049,40.54326)",0
107.1428,"(-2.417109,1.754051,1.268835)","(35.86592,97.59139,40.57061)",0
107.2539,"(-2.417299,1.753968,1.269091)","(35.92186,97.39478,40.50372)",0
107.3547,"(-2.417116,1.753671,1.269331)","(36.0139,97.20946,40.48416)",0
107.4646,"(-2.416986,1.7536,1.269522)","(36.04968,97.19096,40.51156)",0
107.5757,"(-2.41733,1.753428,1.26932)","(36.09021,97.42517,40.71006)",0
107.6758,"(-2.417913,1.753714,1.268625)","(35.97523,97.8158,40.83979)",0
107.7758,"(-2.418882,1.753804,1.267534)","(35.87906,98.38661,41.1104)",0
107.8871,"(-2.419722,1.753688,1.266428)","(35.8728,98.54317,41.20753)",0
107.9979,"(-2.420565,1.753421,1.265524)","(35.90821,98.66945,41.33162)",0
108.109,"(-2.421492,1.753397,1.265131)","(35.87038,98.76252,41.35119)",0
108.2092,"(-2.421824,1.752865,1.266108)","(35.98359,98.22652,41.12115)",0
108.32,"(-2.42301,1.752168,1.265982)","(36.31498,98.25777,41.51289)",0
108.4208,"(-2.424444,1.752537,1.264997)","(36.23384,98.64476,41.6816)",0
108.5311,"(-2.425699,1.753124,1.264402)","(36.07247,98.78365,41.59321)",0
108.642,"(-2.425516,1.753049,1.264956)","(36.10254,98.5533,41.47255)",0
108.7423,"(-2.424143,1.752639,1.265574)","(36.28742,98.12691,41.39455)",0
108.8533,"(-2.422209,1.751929,1.265692)","(36.55259,98.05326,41.64131)",0
108.964,"(-2.420542,1.751598,1.264906)","(36.72432,98.02037,41.81073)",0
109.0749,"(-2.419485,1.75188,1.264338)","(36.66826,98.2489,41.90216)",0
109.1863,"(-2.418737,1.752137,1.26438)","(36.59825,98.12264,41.73888)",0
109.2864,"(-2.418074,1.752463,1.264132)","(36.44496,98.32262,41.70193)",0
109.3974,"(-2.417166,1.752904,1.264368)","(36.24147,98.15817,41.36407)",0
109.5081,"(-2.416437,1.753117,1.265074)","(36.09371,97.72291,40.91025)",0
109.6084,"(-2.416327,1.753474,1.266069)","(36.00793,97.1618,40.4464)",0
109.7195,"(-2.417009,1.753671,1.266508)","(35.89495,96.72931,40.04062)",0
109.83,"(-2.418215,1.753999,1.267057)","(35.65605,96.58791,39.68743)",0
109.9301,"(-2.419409,1.754409,1.267683)","(35.42229,96.33739,39.27143)",0
110.0415,"(-2.42119,1.754731,1.26803)","(35.25082,96.26688,39.03945)",0
110.1531,"(-2.422377,1.754727,1.26808)","(35.23182,96.47223,39.14898)",0
110.263,"(-2.423067,1.754808,1.267973)","(35.20794,96.78195,39.32001)",0
110.3746,"(-2.423594,1.754616,1.26729)","(35.25486,97.04815,39.54198)",0
110.4865,"(-2.423517,1.754631,1.267397)","(35.36255,97.02428,39.6454)",0
110.5969,"(-2.423723,1.754925,1.267626)","(35.36635,96.91227,39.57764)",0
110.7075,"(-2.424482,1.755719,1.267733)","(35.17666,96.99584,39.42225)",0
110.8186,"(-2.425047,1.755942,1.267611)","(35.13651,97.19315,39.50431)",0
110.9291,"(-2.4252,1.75609,1.266821)","(35.13975,97.84283,39.92663)",0
111.04,"(-2.42518,1.755824,1.266008)","(35.23715,98.39599,40.39599)",0
111.1521,"(-2.424639,1.755536,1.265543)","(35.34163,98.35732,40.48796)",0
111.2521,"(-2.424295,1.755369,1.264677)","(35.40483,98.59005,40.71215)",0
111.3522,"(-2.423666,1.755112,1.263422)","(35.57125,99.27409,41.3549)",0
111.4523,"(-2.423094,1.755101,1.262083)","(35.51577,100.1126,41.85637)",0
111.5523,"(-2.422148,1.755126,1.262682)","(35.48652,99.87871,41.66464)",0
111.663,"(-2.421289,1.75512,1.263586)","(35.43677,99.6013,41.42112)",0
111.7741,"(-2.420172,1.755064,1.265116)","(35.39843,99.22218,41.12399)",0
111.8853,"(-2.419222,1.754607,1.266417)","(35.49951,98.44437,40.72253)",0
111.9858,"(-2.418711,1.75438,1.266905)","(35.55145,97.76384,40.33392)",0
112.0959,"(-2.418158,1.754299,1.26671)","(35.52511,97.43604,40.09117)",0
112.2071,"(-2.417494,1.754188,1.266298)","(35.53583,97.3996,40.07938)",0
112.3071,"(-2.416864,1.75398,1.266462)","(35.53248,97.22354,39.96153)",0
112.4073,"(-2.416437,1.75391,1.267035)","(35.55159,97.01672,39.8489)",0
112.5185,"(-2.416346,1.753969,1.267675)","(35.54477,96.79234,39.6968)",0
112.6289,"(-2.415525,1.753905,1.268503)","(35.58072,96.55306,39.58255)",0
112.7291,"(-2.414961,1.753765,1.269152)","(35.67432,96.39367,39.58271)",0
112.8396,"(-2.414721,1.754078,1.269274)","(35.63988,96.38876,39.54194)",0
112.9399,"(-2.41477,1.754374,1.269098)","(35.59685,96.45583,39.53787)",0
113.0512,"(-2.414835,1.754758,1.26922)","(35.53768,96.47703,39.48672)",0
113.1514,"(-2.414968,1.754883,1.269495)","(35.48673,96.57378,39.49287)",0
113.2516,"(-2.414984,1.754939,1.269361)","(35.50394,96.63198,39.54903)",0
113.3522,"(-2.414988,1.754776,1.269407)","(35.57042,96.69037,39.65942)",0
113.4622,"(-2.415297,1.75481,1.269545)","(35.58727,96.68046,39.67152)",0
113.5622,"(-2.415754,1.755103,1.26935)","(35.49109,96.81899,39.65493)",0
113.674,"(-2.416033,1.755221,1.269426)","(35.48016,96.89381,39.69104)",0
113.7847,"(-2.41604,1.754786,1.269686)","(35.60161,96.9683,39.87274)",0
113.8951,"(-2.416616,1.754779,1.269999)","(35.62034,96.94772,39.88007)",0
114.0063,"(-2.417494,1.754982,1.270121)","(35.58505,96.9389,39.83554)",0
114.1063,"(-2.418585,1.755335,1.27046)","(35.49171,96.86473,39.68504)",0
114.2066,"(-2.419832,1.755423,1.270636)","(35.44765,96.75622,39.56691)",0
114.3179,"(-2.421358,1.755349,1.270472)","(35.43222,96.7389,39.53886)",0
114.4284,"(-2.422823,1.755201,1.270548)","(35.41812,96.74332,39.52621)",0
114.5392,"(-2.424368,1.75485,1.270712)","(35.51463,96.81772,39.68)",0
114.6511,"(-2.426672,1.754446,1.270464)","(35.6457,97.06512,39.98394)",0
114.7612,"(-2.42885,1.753723,1.270365)","(35.99714,97.37737,40.57565)",0
114.8615,"(-2.430998,1.752969,1.270441)","(36.26808,97.62583,41.0397)",0
114.9723,"(-2.432936,1.752999,1.270849)","(36.30737,97.65654,41.10368)",0
115.0724,"(-2.434988,1.75322,1.271078)","(36.24941,97.73573,41.09181)",0
115.184,"(-2.436724,1.753387,1.2717)","(36.223,97.86207,41.14629)",0
115.2841,"(-2.43778,1.754065,1.272421)","(36.02932,97.91158,40.96336)",0
115.3844,"(-2.43873,1.754779,1.273119)","(35.81765,97.82694,40.67169)",0
115.4948,"(-2.439409,1.755185,1.273851)","(35.69847,97.60438,40.39318)",0
115.6059,"(-2.439569,1.75554,1.274477)","(35.67112,97.43716,40.2537)",0
115.7174,"(-2.439756,1.755616,1.274908)","(35.60086,97.3269,40.10417)",0
115.8279,"(-2.439249,1.755214,1.27598)","(35.61219,96.97185,39.88668)",0
115.9281,"(-2.43918,1.754252,1.276949)","(35.98411,96.56981,40.03503)",0
116.0387,"(-2.439314,1.754633,1.277678)","(35.90974,96.45994,39.88264)",0
116.1503,"(-2.439054,1.754773,1.27767)","(35.8849,96.64394,39.97433)",0
116.2611,"(-2.438128,1.754597,1.278341)","(35.85299,96.56693,39.88961)",0
116.3611,"(-2.436338,1.754063,1.279524)","(35.97819,96.12794,39.74346)",0
116.4719,"(-2.434759,1.753034,1.279581)","(36.23174,95.85645,39.84412)",0
116.5839,"(-2.433317,1.752796,1.278551)","(36.26363,96.01933,39.98381)",0
116.684,"(-2.432512,1.752597,1.277895)","(36.27235,96.11397,40.05447)",0
116.794,"(-2.431482,1.752491,1.276079)","(36.25741,96.9193,40.5625)",0
116.905,"(-2.430346,1.75212,1.273626)","(36.33353,98.16052,41.46855)",0
117.0051,"(-2.429232,1.751677,1.272917)","(36.50512,98.09964,41.61943)",0
117.1167,"(-2.428099,1.751468,1.2722)","(36.63832,98.16199,41.81012)",0
117.2271,"(-2.427229,1.751352,1.271009)","(36.66058,98.49417,42.05938)",0
117.3273,"(-2.426653,1.751617,1.27043)","(36.6005,98.58537,42.05371)",0
117.4378,"(-2.426443,1.751917,1.27043)","(36.57441,98.61097,42.04173)",0
117.5378,"(-2.4261,1.751977,1.271372)","(36.57848,98.13369,41.72422)",0
117.6497,"(-2.425596,1.752064,1.272478)","(36.57474,97.62899,41.3821)",0
117.7604,"(-2.424833,1.751948,1.273787)","(36.64458,97.1921,41.16872)",0
117.8711,"(-2.423994,1.751717,1.27458)","(36.72226,96.91631,41.07148)",0
117.9716,"(-2.42314,1.751223,1.275187)","(36.87907,96.77269,41.14849)",0
118.0823,"(-2.421843,1.750928,1.275759)","(37.00791,96.65936,41.2145)",0
118.1824,"(-2.420874,1.750593,1.276079)","(37.08639,96.65562,41.29792)",0
118.2931,"(-2.420027,1.750437,1.276171)","(37.12278,96.6176,41.31246)",0
118.3934,"(-2.41939,1.750324,1.276209)","(37.16805,96.64365,41.37931)",0
118.5043,"(-2.418779,1.750028,1.276072)","(37.22315,96.59328,41.40605)",0
118.6045,"(-2.418673,1.74961,1.275488)","(37.33456,96.61304,41.54105)",0
118.7165,"(-2.418646,1.749323,1.274786)","(37.43552,96.59493,41.63932)",0
118.8266,"(-2.418783,1.749168,1.274157)","(37.48879,96.60194,41.70224)",0
118.9373,"(-2.419287,1.749014,1.274015)","(37.53295,96.60865,41.755)",0
119.0489,"(-2.419352,1.748701,1.274233)","(37.60424,96.51829,41.77229)",0
119.1597,"(-2.419523,1.748298,1.274553)","(37.72989,96.51184,41.90512)",0
119.2704,"(-2.419611,1.748034,1.274927)","(37.79262,96.53024,41.98597)",0
119.3819,"(-2.419493,1.747892,1.275309)","(37.83787,96.62901,42.10199)",0
119.4927,"(-2.419683,1.748039,1.275419)","(37.828,96.80859,42.21255)",0
119.5927,"(-2.419802,1.748138,1.275377)","(37.8574,96.98089,42.36156)",0
119.6929,"(-2.420141,1.748515,1.275393)","(37.76835,97.07359,42.32664)",0
119.8036,"(-2.420698,1.748843,1.275301)","(37.7041,97.13878,42.3002)",0
119.904,"(-2.421114,1.74913,1.275297)","(37.58567,97.19747,42.20959)",0
120.015,"(-2.421312,1.749346,1.275118)","(37.59233,97.34895,42.31962)",0
120.1152,"(-2.420969,1.749302,1.275183)","(37.60712,97.42402,42.38697)",0
120.2255,"(-2.420549,1.749199,1.275499)","(37.65617,97.34969,42.39059)",0
120.326,"(-2.419966,1.748864,1.275648)","(37.76552,97.37413,42.52791)",0
120.4366,"(-2.419626,1.748739,1.275866)","(37.80917,97.21271,42.4661)",0
120.5368,"(-2.419477,1.748428,1.27569)","(37.89388,97.18985,42.54381)",0
120.6482,"(-2.419458,1.748109,1.275694)","(38.0344,97.25907,42.74582)",0
120.7485,"(-2.419722,1.747769,1.275248)","(38.15627,97.42448,42.99367)",0
120.859,"(-2.420633,1.747832,1.274237)","(38.13726,97.93065,43.32198)",0
120.9699,"(-2.421373,1.747755,1.273012)","(38.13702,98.3235,43.59466)",0
121.0811,"(-2.421885,1.747623,1.271852)","(38.1673,98.74034,43.92008)",0
121.1812,"(-2.422377,1.747707,1.270918)","(38.1216,99.02067,44.06574)",0
121.2918,"(-2.422892,1.747744,1.269697)","(38.09124,99.57073,44.4203)",0
121.3923,"(-2.42312,1.747738,1.269159)","(38.0322,99.98434,44.64751)",0
121.5027,"(-2.423037,1.74721,1.269438)","(38.15755,99.90543,44.73405)",0
121.6027,"(-2.422941,1.747103,1.268736)","(38.23716,99.98601,44.88243)",0
121.7028,"(-2.422514,1.747259,1.2679)","(38.17972,100.2178,44.98309)",0
121.8028,"(-2.422079,1.747301,1.267637)","(38.20789,100.1883,44.99417)",0
121.9032,"(-2.42156,1.74755,1.267454)","(38.18608,99.98431,44.82298)",0
122.014,"(-2.420504,1.747372,1.267088)","(38.25328,99.93102,44.86142)",0
122.1142,"(-2.419252,1.74719,1.266947)","(38.32068,99.91471,44.92651)",0
122.225,"(-2.417852,1.74684,1.26689)","(38.40562,99.82711,44.96037)",0
122.3255,"(-2.416773,1.746745,1.266542)","(38.43295,99.9905,45.10884)",0
122.3255,"(-2.416636,1.746752,1.266489)","(38.43356,99.98134,45.10295)",0
